﻿{
	"credit": "Made by Agentsneaky",
	"textures": {
		"0": "guns/uzi1",
		"1": "guns/uzi2",
		"particle": "guns/uzi1"
	},
	"elements": [
		{
			"from": [9, 0.1, 0],
			"to": [10, 2.7, 1],
			"faces": {
				"north": {"uv": [0, 0, 1, 2.6], "texture": "#1"},
				"east": {"uv": [0, 0, 1, 2.6], "texture": "#1"},
				"south": {"uv": [0, 0, 1, 2.6], "texture": "#1"},
				"west": {"uv": [0, 0, 1, 2.6], "texture": "#1"},
				"up": {"uv": [0, 0, 1, 1], "texture": "#1"},
				"down": {"uv": [0, 0, 1, 1], "texture": "#1"}
			}
		},
		{
			"from": [8.9, 2.8, 0],
			"to": [9.4, 5.3, 1],
			"faces": {
				"north": {"uv": [0, 0, 0.5, 2.5], "texture": "#0"},
				"east": {"uv": [0, 0, 0.5, 2.5], "texture": "#0"},
				"south": {"uv": [0, 0, 0.5, 2.5], "texture": "#0"},
				"west": {"uv": [0, 0, 0.5, 2.5], "texture": "#0"},
				"up": {"uv": [0, 0, 0.5, 2.5], "texture": "#0"},
				"down": {"uv": [0, 0, 0.5, 2.5], "texture": "#0"}
			}
		},
		{
			"from": [8.9, 5.3, 0],
			"to": [10, 5.8, 1],
			"faces": {
				"north": {"uv": [0, 0, 1.1, 0.5], "texture": "#0"},
				"east": {"uv": [0, 0, 1, 0.5], "texture": "#0"},
				"south": {"uv": [0, 0, 1.1, 0.5], "texture": "#0"},
				"west": {"uv": [0, 0, 1, 0.5], "texture": "#0"},
				"up": {"uv": [0, 0, 1.1, 1], "texture": "#0"},
				"down": {"uv": [0, 0, 1.1, 1], "texture": "#0"}
			}
		},
		{
			"from": [8.9, 2.7, 0],
			"to": [10.3, 2.8, 1],
			"faces": {
				"north": {"uv": [0, 0, 1.4, 0.1], "texture": "#0"},
				"east": {"uv": [0, 0, 1, 0.1], "texture": "#0"},
				"south": {"uv": [0, 0, 1.4, 0.1], "texture": "#0"},
				"west": {"uv": [0, 0, 1, 0.1], "texture": "#0"},
				"up": {"uv": [0, 0, 1.4, 1], "texture": "#0"},
				"down": {"uv": [0, 0, 1.4, 1], "texture": "#0"}
			}
		},
		{
			"from": [8.87325, 2.73446, 0],
			"to": [9.07325, 2.83446, 1],
			"rotation": {"angle": 22.5, "axis": "z", "origin": [8.97325, 2.78446, 0.5]},
			"faces": {
				"north": {"uv": [0, 0, 0.2, 0.1], "texture": "#0"},
				"east": {"uv": [0, 0, 1, 0.1], "texture": "#0"},
				"south": {"uv": [0, 0, 0.2, 0.1], "texture": "#0"},
				"west": {"uv": [0, 0, 1, 0.1], "texture": "#0"},
				"up": {"uv": [0, 0, 0.2, 1], "texture": "#0"},
				"down": {"uv": [0, 0, 0.2, 1], "texture": "#0"}
			}
		},
		{
			"from": [10.27325, 2.73446, 0],
			"to": [10.47325, 2.83446, 1],
			"rotation": {"angle": 22.5, "axis": "z", "origin": [10.37325, 2.78446, 0.5]},
			"faces": {
				"north": {"uv": [0, 0, 0.2, 0.1], "texture": "#0"},
				"east": {"uv": [0, 0, 1, 0.1], "texture": "#0"},
				"south": {"uv": [0, 0, 0.2, 0.1], "texture": "#0"},
				"west": {"uv": [0, 0, 1, 0.1], "texture": "#0"},
				"up": {"uv": [0, 0, 0.2, 1], "texture": "#0"},
				"down": {"uv": [0, 0, 0.2, 1], "texture": "#0"}
			}
		},
		{
			"from": [10.37, 2.7826, 0],
			"to": [10.57, 3.0826, 1],
			"rotation": {"angle": -45, "axis": "z", "origin": [10.52013, 2.8826, 0.5]},
			"faces": {
				"north": {"uv": [0, 0, 0.3, 0.2], "texture": "#0", "rotation": 90},
				"east": {"uv": [0, 0, 0.3, 1], "texture": "#0", "rotation": 270},
				"south": {"uv": [0, 0, 0.3, 0.2], "texture": "#0", "rotation": 270},
				"west": {"uv": [0, 0, 0.3, 1], "texture": "#0", "rotation": 270},
				"up": {"uv": [0, 0, 1, 0.2], "texture": "#0", "rotation": 270},
				"down": {"uv": [0, 0, 1, 0.2], "texture": "#0", "rotation": 270}
			}
		},
		{
			"from": [9.4, 3.4, 0],
			"to": [10.4, 5.3, 1],
			"faces": {
				"north": {"uv": [0, 0, 1, 1.9], "texture": "#0"},
				"east": {"uv": [0, 0, 1, 1.9], "texture": "#0"},
				"south": {"uv": [0, 0, 1, 1.9], "texture": "#0"},
				"west": {"uv": [0, 0, 1, 1.9], "texture": "#0"},
				"up": {"uv": [0, 0, 1, 1], "texture": "#0"},
				"down": {"uv": [0, 0, 1, 1], "texture": "#0"}
			}
		},
		{
			"from": [10, 2.8, 0],
			"to": [10.415, 3.4, 1],
			"faces": {
				"north": {"uv": [0, 0, 0.415, 0.6], "texture": "#0"},
				"east": {"uv": [0, 0, 1, 0.6], "texture": "#0"},
				"south": {"uv": [0, 0, 0.415, 0.6], "texture": "#0"},
				"west": {"uv": [0, 0, 1, 0.6], "texture": "#0"},
				"up": {"uv": [0, 0, 0.415, 1], "texture": "#0"},
				"down": {"uv": [0, 0, 0.415, 1], "texture": "#0"}
			}
		},
		{
			"from": [10.39691, 2.98867, 0],
			"to": [10.69691, 3.98867, 1],
			"rotation": {"angle": 0, "axis": "z", "origin": [10.64691, 3.08867, 0.5]},
			"faces": {
				"north": {"uv": [0, 0, 1, 0.3], "texture": "#0", "rotation": 90},
				"east": {"uv": [0, 0, 1, 1], "texture": "#0", "rotation": 270},
				"south": {"uv": [0, 0, 1, 0.3], "texture": "#0", "rotation": 270},
				"west": {"uv": [0, 0, 1, 1], "texture": "#0", "rotation": 270},
				"up": {"uv": [0, 0, 1, 0.3], "texture": "#0", "rotation": 270},
				"down": {"uv": [0, 0, 1, 0.3], "texture": "#0", "rotation": 270}
			}
		},
		{
			"from": [10.48854, 3.93131, 0],
			"to": [10.66854, 4.38631, 1],
			"rotation": {"angle": 22.5, "axis": "z", "origin": [10.53854, 4.03131, 0.5]},
			"faces": {
				"north": {"uv": [0, 0, 0.455, 0.18], "texture": "#0", "rotation": 90},
				"east": {"uv": [0, 0, 0.455, 1], "texture": "#0", "rotation": 270},
				"south": {"uv": [0, 0, 0.455, 0.18], "texture": "#0", "rotation": 270},
				"west": {"uv": [0, 0, 0.455, 1], "texture": "#0", "rotation": 270},
				"up": {"uv": [0, 0, 1, 0.18], "texture": "#0", "rotation": 270},
				"down": {"uv": [0, 0, 1, 0.18], "texture": "#0", "rotation": 270}
			}
		},
		{
			"from": [10.5, 4.4, 0.1],
			"to": [10.7, 5.3, 0.9],
			"rotation": {"angle": 0, "axis": "z", "origin": [10.75, 4.4, 0.5]},
			"faces": {
				"north": {"uv": [0, 0, 0.9, 0.2], "texture": "#1", "rotation": 90},
				"east": {"uv": [0, 0, 0.9, 0.8], "texture": "#1", "rotation": 270},
				"south": {"uv": [0, 0, 0.9, 0.2], "texture": "#1", "rotation": 270},
				"west": {"uv": [0, 0, 0.9, 0.8], "texture": "#1", "rotation": 270},
				"up": {"uv": [0, 0, 0.8, 0.2], "texture": "#1", "rotation": 270},
				"down": {"uv": [0, 0, 0.8, 0.2], "texture": "#1", "rotation": 270}
			}
		},
		{
			"from": [10.65, 4.45, 0.1],
			"to": [10.8, 5.35, 0.9],
			"rotation": {"angle": 0, "axis": "z", "origin": [10.9, 4.4, 0.5]},
			"faces": {
				"north": {"uv": [0, 0, 0.9, 0.15], "texture": "#1", "rotation": 90},
				"east": {"uv": [0, 0, 0.9, 0.8], "texture": "#1", "rotation": 270},
				"south": {"uv": [0, 0, 0.9, 0.15], "texture": "#1", "rotation": 270},
				"west": {"uv": [0, 0, 0.9, 0.8], "texture": "#1", "rotation": 270},
				"up": {"uv": [0, 0, 0.8, 0.15], "texture": "#1", "rotation": 270},
				"down": {"uv": [0, 0, 0.8, 0.15], "texture": "#1", "rotation": 270}
			}
		},
		{
			"from": [10.67706, 4.41533, 0.1],
			"to": [10.77706, 4.46533, 0.9],
			"rotation": {"angle": 22.5, "axis": "z", "origin": [10.72706, 4.46533, 0.5]},
			"faces": {
				"north": {"uv": [0, 0, 0.1, 0.05], "texture": "#1"},
				"east": {"uv": [0, 0, 0.8, 0.05], "texture": "#1"},
				"south": {"uv": [0, 0, 0.1, 0.05], "texture": "#1"},
				"west": {"uv": [0, 0, 0.8, 0.05], "texture": "#1"},
				"up": {"uv": [0, 0, 0.1, 0.8], "texture": "#1"},
				"down": {"uv": [0, 0, 0.1, 0.8], "texture": "#1"}
			}
		},
		{
			"from": [10.52071, 5.25, 0.1],
			"to": [10.73071, 5.35, 0.9],
			"rotation": {"angle": 45, "axis": "z", "origin": [10.57071, 5.3, 0.5]},
			"faces": {
				"north": {"uv": [0, 0, 0.21, 0.1], "texture": "#1"},
				"east": {"uv": [0, 0, 0.8, 0.1], "texture": "#1"},
				"south": {"uv": [0, 0, 0.21, 0.1], "texture": "#1"},
				"west": {"uv": [0, 0, 0.8, 0.1], "texture": "#1"},
				"up": {"uv": [0, 0, 0.21, 0.8], "texture": "#1"},
				"down": {"uv": [0, 0, 0.21, 0.8], "texture": "#1"}
			}
		},
		{
			"from": [10, 5.3, 0],
			"to": [10.5, 5.8, 1],
			"faces": {
				"north": {"uv": [0, 0, 0.5, 0.5], "texture": "#0"},
				"east": {"uv": [0, 0, 1, 0.5], "texture": "#0"},
				"south": {"uv": [0, 0, 0.5, 0.5], "texture": "#0"},
				"west": {"uv": [0, 0, 1, 0.5], "texture": "#0"},
				"up": {"uv": [0, 0, 0.5, 1], "texture": "#0"},
				"down": {"uv": [0, 0, 0.5, 1], "texture": "#0"}
			}
		},
		{
			"from": [10.42071, 5.39, 0],
			"to": [11.03071, 5.49, 1],
			"rotation": {"angle": 45, "axis": "z", "origin": [10.57071, 5.44, 0.5]},
			"faces": {
				"north": {"uv": [0, 0, 0.61, 0.1], "texture": "#0"},
				"east": {"uv": [0, 0, 1, 0.1], "texture": "#0"},
				"south": {"uv": [0, 0, 0.61, 0.1], "texture": "#0"},
				"west": {"uv": [0, 0, 1, 0.1], "texture": "#0"},
				"up": {"uv": [0, 0, 0.61, 1], "texture": "#0"},
				"down": {"uv": [0, 0, 0.61, 1], "texture": "#0"}
			}
		},
		{
			"from": [10.5, 5.73, 0],
			"to": [10.93, 5.8, 1],
			"faces": {
				"north": {"uv": [0, 0, 0.43, 0.07], "texture": "#0"},
				"east": {"uv": [0, 0, 1, 0.07], "texture": "#0"},
				"south": {"uv": [0, 0, 0.43, 0.07], "texture": "#0"},
				"west": {"uv": [0, 0, 1, 0.07], "texture": "#0"},
				"up": {"uv": [0, 0, 0.43, 1], "texture": "#0"},
				"down": {"uv": [0, 0, 0.43, 1], "texture": "#0"}
			}
		},
		{
			"from": [10.5, 5.6, 0],
			"to": [10.8, 5.73, 1],
			"faces": {
				"north": {"uv": [0, 0, 0.3, 0.13], "texture": "#0"},
				"east": {"uv": [0, 0, 1, 0.13], "texture": "#0"},
				"south": {"uv": [0, 0, 0.3, 0.13], "texture": "#0"},
				"west": {"uv": [0, 0, 1, 0.13], "texture": "#0"},
				"up": {"uv": [0, 0, 0.3, 1], "texture": "#0"},
				"down": {"uv": [0, 0, 0.3, 1], "texture": "#0"}
			}
		},
		{
			"from": [10.5, 5.442, 0],
			"to": [10.66, 5.6, 1],
			"faces": {
				"north": {"uv": [0, 0, 0.16, 0.158], "texture": "#0"},
				"east": {"uv": [0, 0, 1, 0.158], "texture": "#0"},
				"south": {"uv": [0, 0, 0.16, 0.158], "texture": "#0"},
				"west": {"uv": [0, 0, 1, 0.158], "texture": "#0"},
				"up": {"uv": [0, 0, 0.16, 1], "texture": "#0"},
				"down": {"uv": [0, 0, 0.16, 1], "texture": "#0"}
			}
		},
		{
			"from": [8.8, 4.99, 0.3],
			"to": [8.9, 5.8, 0.7],
			"faces": {
				"north": {"uv": [0, 0, 0.1, 0.81], "texture": "#1"},
				"east": {"uv": [0, 0, 0.4, 0.81], "texture": "#1"},
				"south": {"uv": [0, 0, 0.1, 0.81], "texture": "#1"},
				"west": {"uv": [0, 0, 0.4, 0.81], "texture": "#1"},
				"up": {"uv": [0, 0, 0.1, 0.4], "texture": "#1"},
				"down": {"uv": [0, 0, 0.1, 0.4], "texture": "#1"}
			}
		},
		{
			"from": [7.1, 5.8, 0],
			"to": [11, 6.4, 1],
			"faces": {
				"north": {"uv": [0, 0, 3.9, 0.6], "texture": "#0"},
				"east": {"uv": [0, 0, 1, 0.6], "texture": "#0"},
				"south": {"uv": [0, 0, 3.9, 0.6], "texture": "#0"},
				"west": {"uv": [0, 0, 1, 0.6], "texture": "#0"},
				"up": {"uv": [0, 0, 3.9, 1], "texture": "#0"},
				"down": {"uv": [0, 0, 3.9, 1], "texture": "#0"}
			}
		},
		{
			"from": [8.57327, 4.68898, 0.3],
			"to": [8.98327, 4.78898, 0.7],
			"rotation": {"angle": 45, "axis": "z", "origin": [8.57827, 4.73898, 0.5]},
			"faces": {
				"north": {"uv": [0, 0, 0.1, 0.41], "texture": "#1", "rotation": 270},
				"east": {"uv": [0, 0, 0.1, 0.4], "texture": "#1", "rotation": 90},
				"south": {"uv": [0, 0, 0.1, 0.41], "texture": "#1", "rotation": 90},
				"west": {"uv": [0, 0, 0.1, 0.4], "texture": "#1", "rotation": 90},
				"up": {"uv": [0, 0, 0.4, 0.41], "texture": "#1", "rotation": 90},
				"down": {"uv": [0, 0, 0.4, 0.41], "texture": "#1", "rotation": 90}
			}
		},
		{
			"from": [8.21178, 4.54129, 0.3],
			"to": [8.62178, 4.64129, 0.7],
			"rotation": {"angle": 22.5, "axis": "z", "origin": [8.21678, 4.59129, 0.5]},
			"faces": {
				"north": {"uv": [0, 0, 0.1, 0.41], "texture": "#1", "rotation": 270},
				"east": {"uv": [0, 0, 0.1, 0.4], "texture": "#1", "rotation": 90},
				"south": {"uv": [0, 0, 0.1, 0.41], "texture": "#1", "rotation": 90},
				"west": {"uv": [0, 0, 0.1, 0.4], "texture": "#1", "rotation": 90},
				"up": {"uv": [0, 0, 0.4, 0.41], "texture": "#1", "rotation": 90},
				"down": {"uv": [0, 0, 0.4, 0.41], "texture": "#1", "rotation": 90}
			}
		},
		{
			"from": [7.5213, 4.54319, 0.3],
			"to": [8.2313, 4.64319, 0.7],
			"rotation": {"angle": 0, "axis": "z", "origin": [7.8263, 4.59319, 0.5]},
			"faces": {
				"north": {"uv": [0, 0, 0.1, 0.71], "texture": "#1", "rotation": 270},
				"east": {"uv": [0, 0, 0.1, 0.4], "texture": "#1", "rotation": 90},
				"south": {"uv": [0, 0, 0.1, 0.71], "texture": "#1", "rotation": 90},
				"west": {"uv": [0, 0, 0.1, 0.4], "texture": "#1", "rotation": 90},
				"up": {"uv": [0, 0, 0.4, 0.71], "texture": "#1", "rotation": 90},
				"down": {"uv": [0, 0, 0.4, 0.71], "texture": "#1", "rotation": 90}
			}
		},
		{
			"from": [7.36126, 4.69437, 0.3],
			"to": [7.57126, 4.79437, 0.7],
			"rotation": {"angle": -22.5, "axis": "z", "origin": [7.16626, 4.74437, 0.5]},
			"faces": {
				"north": {"uv": [0, 0, 0.1, 0.21], "texture": "#1", "rotation": 270},
				"east": {"uv": [0, 0, 0.1, 0.4], "texture": "#1", "rotation": 90},
				"south": {"uv": [0, 0, 0.1, 0.21], "texture": "#1", "rotation": 90},
				"west": {"uv": [0, 0, 0.1, 0.4], "texture": "#1", "rotation": 90},
				"up": {"uv": [0, 0, 0.4, 0.21], "texture": "#1", "rotation": 90},
				"down": {"uv": [0, 0, 0.4, 0.21], "texture": "#1", "rotation": 90}
			}
		},
		{
			"from": [7.27126, 4.89528, 0.3],
			"to": [7.48126, 4.99528, 0.7],
			"rotation": {"angle": -45, "axis": "z", "origin": [7.07626, 4.94528, 0.5]},
			"faces": {
				"north": {"uv": [0, 0, 0.1, 0.21], "texture": "#1", "rotation": 270},
				"east": {"uv": [0, 0, 0.1, 0.4], "texture": "#1", "rotation": 90},
				"south": {"uv": [0, 0, 0.1, 0.21], "texture": "#1", "rotation": 90},
				"west": {"uv": [0, 0, 0.1, 0.4], "texture": "#1", "rotation": 90},
				"up": {"uv": [0, 0, 0.4, 0.21], "texture": "#1", "rotation": 90},
				"down": {"uv": [0, 0, 0.4, 0.21], "texture": "#1", "rotation": 90}
			}
		},
		{
			"from": [7.02, 4.76035, 0.3],
			"to": [7.12, 4.97035, 0.7],
			"rotation": {"angle": 22.5, "axis": "z", "origin": [7.07, 5.16535, 0.5]},
			"faces": {
				"north": {"uv": [0, 0, 0.1, 0.21], "texture": "#1", "rotation": 180},
				"east": {"uv": [0, 0, 0.4, 0.21], "texture": "#1", "rotation": 180},
				"south": {"uv": [0, 0, 0.1, 0.21], "texture": "#1", "rotation": 180},
				"west": {"uv": [0, 0, 0.4, 0.21], "texture": "#1", "rotation": 180},
				"up": {"uv": [0, 0, 0.1, 0.4], "texture": "#1", "rotation": 180},
				"down": {"uv": [0, 0, 0.1, 0.4], "texture": "#1", "rotation": 180}
			}
		},
		{
			"from": [7.09842, 4.96606, 0.3],
			"to": [7.19842, 5.79606, 0.7],
			"rotation": {"angle": 0, "axis": "z", "origin": [7.14842, 5.37106, 0.5]},
			"faces": {
				"north": {"uv": [0, 0, 0.1, 0.83], "texture": "#1", "rotation": 180},
				"east": {"uv": [0, 0, 0.4, 0.83], "texture": "#1", "rotation": 180},
				"south": {"uv": [0, 0, 0.1, 0.83], "texture": "#1", "rotation": 180},
				"west": {"uv": [0, 0, 0.4, 0.83], "texture": "#1", "rotation": 180},
				"up": {"uv": [0, 0, 0.1, 0.4], "texture": "#1", "rotation": 180},
				"down": {"uv": [0, 0, 0.1, 0.4], "texture": "#1", "rotation": 180}
			}
		},
		{
			"from": [8.3, 5.29, 0.3],
			"to": [8.4, 5.8, 0.6],
			"rotation": {"angle": 0, "axis": "z", "origin": [8.35, 5.395, 0.5]},
			"faces": {
				"north": {"uv": [0, 0, 0.1, 0.51], "texture": "#1", "rotation": 180},
				"east": {"uv": [0, 0, 0.3, 0.51], "texture": "#1", "rotation": 180},
				"south": {"uv": [0, 0, 0.1, 0.51], "texture": "#1", "rotation": 180},
				"west": {"uv": [0, 0, 0.3, 0.51], "texture": "#1", "rotation": 180},
				"up": {"uv": [0, 0, 0.1, 0.3], "texture": "#1", "rotation": 180},
				"down": {"uv": [0, 0, 0.1, 0.3], "texture": "#1", "rotation": 180}
			}
		},
		{
			"from": [8.14882, 5.02996, 0.3],
			"to": [8.24882, 5.33996, 0.6],
			"rotation": {"angle": -22.5, "axis": "z", "origin": [8.19882, 4.93496, 0.5]},
			"faces": {
				"north": {"uv": [0, 0, 0.1, 0.31], "texture": "#1", "rotation": 180},
				"east": {"uv": [0, 0, 0.3, 0.31], "texture": "#1", "rotation": 180},
				"south": {"uv": [0, 0, 0.1, 0.31], "texture": "#1", "rotation": 180},
				"west": {"uv": [0, 0, 0.3, 0.31], "texture": "#1", "rotation": 180},
				"up": {"uv": [0, 0, 0.1, 0.3], "texture": "#1", "rotation": 180},
				"down": {"uv": [0, 0, 0.1, 0.3], "texture": "#1", "rotation": 180}
			}
		},
		{
			"from": [7.98035, 4.91829, 0.3],
			"to": [8.08035, 5.12829, 0.6],
			"rotation": {"angle": -45, "axis": "z", "origin": [8.03035, 4.82329, 0.5]},
			"faces": {
				"north": {"uv": [0, 0, 0.1, 0.21], "texture": "#1", "rotation": 180},
				"east": {"uv": [0, 0, 0.3, 0.21], "texture": "#1", "rotation": 180},
				"south": {"uv": [0, 0, 0.1, 0.21], "texture": "#1", "rotation": 180},
				"west": {"uv": [0, 0, 0.3, 0.21], "texture": "#1", "rotation": 180},
				"up": {"uv": [0, 0, 0.1, 0.3], "texture": "#1", "rotation": 180},
				"down": {"uv": [0, 0, 0.1, 0.3], "texture": "#1", "rotation": 180}
			}
		},
		{
			"from": [8.02288, 4.8551, 0.4],
			"to": [8.13288, 4.9551, 0.6],
			"rotation": {"angle": 0, "axis": "z", "origin": [7.82788, 4.9051, 0.5]},
			"faces": {
				"north": {"uv": [0, 0, 0.1, 0.11], "texture": "#1", "rotation": 90},
				"east": {"uv": [0, 0, 0.1, 0.2], "texture": "#1", "rotation": 270},
				"south": {"uv": [0, 0, 0.1, 0.11], "texture": "#1", "rotation": 270},
				"west": {"uv": [0, 0, 0.1, 0.2], "texture": "#1", "rotation": 270},
				"up": {"uv": [0, 0, 0.2, 0.11], "texture": "#1", "rotation": 270},
				"down": {"uv": [0, 0, 0.2, 0.11], "texture": "#1", "rotation": 270}
			}
		},
		{
			"from": [7.4, 6.6, -0.1],
			"to": [11.1, 6.9, 1.1],
			"faces": {
				"north": {"uv": [0, 0, 3.7, 0.3], "texture": "#0"},
				"east": {"uv": [0, 0, 1.2, 0.3], "texture": "#0"},
				"south": {"uv": [0, 0, 3.7, 0.3], "texture": "#0"},
				"west": {"uv": [0, 0, 1.2, 0.3], "texture": "#0"},
				"up": {"uv": [0, 0, 3.7, 1.2], "texture": "#0"},
				"down": {"uv": [0, 0, 3.7, 1.2], "texture": "#0"}
			}
		},
		{
			"from": [7.4, 7, -0.1],
			"to": [11.1, 7.3, 1.1],
			"faces": {
				"north": {"uv": [0, 0, 3.7, 0.3], "texture": "#0"},
				"east": {"uv": [0, 0, 1.2, 0.3], "texture": "#0"},
				"south": {"uv": [0, 0, 3.7, 0.3], "texture": "#0"},
				"west": {"uv": [0, 0, 1.2, 0.3], "texture": "#0"},
				"up": {"uv": [0, 0, 3.7, 1.2], "texture": "#0"},
				"down": {"uv": [0, 0, 3.7, 1.2], "texture": "#0"}
			}
		},
		{
			"from": [11.4, 7, -0.1],
			"to": [12.8, 7.2, 1.1],
			"faces": {
				"north": {"uv": [0, 0, 1.4, 0.2], "texture": "#0"},
				"east": {"uv": [0, 0, 1.2, 0.2], "texture": "#0"},
				"south": {"uv": [0, 0, 1.4, 0.2], "texture": "#0"},
				"west": {"uv": [0, 0, 1.2, 0.2], "texture": "#0"},
				"up": {"uv": [0, 0, 1.4, 1.2], "texture": "#0"},
				"down": {"uv": [0, 0, 1.4, 1.2], "texture": "#0"}
			}
		},
		{
			"from": [7.1, 6.4, 0],
			"to": [13.2, 7.4, 1],
			"faces": {
				"north": {"uv": [0, 0, 6.1, 1], "texture": "#0"},
				"east": {"uv": [0, 0, 1, 1], "texture": "#0"},
				"south": {"uv": [0, 0, 6.1, 1], "texture": "#0"},
				"west": {"uv": [0, 0, 1, 1], "texture": "#0"},
				"up": {"uv": [0, 0, 6.1, 1], "texture": "#0"},
				"down": {"uv": [0, 0, 6.1, 1], "texture": "#0"}
			}
		},
		{
			"from": [11.9, 7.4, 0],
			"to": [13.2, 7.7, 1],
			"faces": {
				"north": {"uv": [0, 0, 1.3, 0.3], "texture": "#0"},
				"east": {"uv": [0, 0, 1, 0.3], "texture": "#0"},
				"south": {"uv": [0, 0, 1.3, 0.3], "texture": "#0"},
				"west": {"uv": [0, 0, 1, 0.3], "texture": "#0"},
				"up": {"uv": [0, 0, 1.3, 1], "texture": "#0"},
				"down": {"uv": [0, 0, 1.3, 1], "texture": "#0"}
			}
		},
		{
			"from": [11.9, 7.7, 0],
			"to": [13.1, 8.2, 1],
			"faces": {
				"north": {"uv": [0, 0, 1.2, 0.5], "texture": "#0"},
				"east": {"uv": [0, 0, 1, 0.5], "texture": "#0"},
				"south": {"uv": [0, 0, 1.2, 0.5], "texture": "#0"},
				"west": {"uv": [0, 0, 1, 0.5], "texture": "#0"},
				"up": {"uv": [0, 0, 1.2, 1], "texture": "#0"},
				"down": {"uv": [0, 0, 1.2, 1], "texture": "#0"}
			}
		},
		{
			"from": [12.0989, 8.60484, 0],
			"to": [12.2989, 8.70484, 1],
			"rotation": {"angle": 22.5, "axis": "z", "origin": [12.6989, 8.80484, 0.5]},
			"faces": {
				"north": {"uv": [0, 0, 0.2, 0.1], "texture": "#0"},
				"east": {"uv": [0, 0, 1, 0.1], "texture": "#0"},
				"south": {"uv": [0, 0, 0.2, 0.1], "texture": "#0"},
				"west": {"uv": [0, 0, 1, 0.1], "texture": "#0"},
				"up": {"uv": [0, 0, 0.2, 1], "texture": "#0"},
				"down": {"uv": [0, 0, 0.2, 1], "texture": "#0"}
			}
		},
		{
			"from": [12.71213, 7.92929, 0],
			"to": [13.11213, 8.02929, 1],
			"rotation": {"angle": -45, "axis": "z", "origin": [13.31213, 8.12929, 0.5]},
			"faces": {
				"north": {"uv": [0, 0, 0.4, 0.1], "texture": "#0"},
				"east": {"uv": [0, 0, 1, 0.1], "texture": "#0"},
				"south": {"uv": [0, 0, 0.4, 0.1], "texture": "#0"},
				"west": {"uv": [0, 0, 1, 0.1], "texture": "#0"},
				"up": {"uv": [0, 0, 0.4, 1], "texture": "#0"},
				"down": {"uv": [0, 0, 0.4, 1], "texture": "#0"}
			}
		},
		{
			"from": [12.62498, 8.22216, 0],
			"to": [12.82498, 8.32216, 1],
			"rotation": {"angle": -22.5, "axis": "z", "origin": [13.22498, 8.42216, 0.5]},
			"faces": {
				"north": {"uv": [0, 0, 0.2, 0.1], "texture": "#0"},
				"east": {"uv": [0, 0, 1, 0.1], "texture": "#0"},
				"south": {"uv": [0, 0, 0.2, 0.1], "texture": "#0"},
				"west": {"uv": [0, 0, 1, 0.1], "texture": "#0"},
				"up": {"uv": [0, 0, 0.2, 1], "texture": "#0"},
				"down": {"uv": [0, 0, 0.2, 1], "texture": "#0"}
			}
		},
		{
			"from": [12.36762, 8.45938, 0],
			"to": [12.63262, 8.55938, 1],
			"rotation": {"angle": 0, "axis": "z", "origin": [12.96762, 8.65938, 0.5]},
			"faces": {
				"north": {"uv": [0, 0, 0.265, 0.1], "texture": "#0"},
				"east": {"uv": [0, 0, 1, 0.1], "texture": "#0"},
				"south": {"uv": [0, 0, 0.265, 0.1], "texture": "#0"},
				"west": {"uv": [0, 0, 1, 0.1], "texture": "#0"},
				"up": {"uv": [0, 0, 0.265, 1], "texture": "#0"},
				"down": {"uv": [0, 0, 0.265, 1], "texture": "#0"}
			}
		},
		{
			"from": [12.2, 8.36, 0],
			"to": [12.8, 8.46, 1],
			"faces": {
				"north": {"uv": [0, 0, 0.6, 0.1], "texture": "#0"},
				"east": {"uv": [0, 0, 1, 0.1], "texture": "#0"},
				"south": {"uv": [0, 0, 0.6, 0.1], "texture": "#0"},
				"west": {"uv": [0, 0, 1, 0.1], "texture": "#0"},
				"up": {"uv": [0, 0, 0.6, 1], "texture": "#0"},
				"down": {"uv": [0, 0, 0.6, 1], "texture": "#0"}
			}
		},
		{
			"from": [12.06, 8.2, 0],
			"to": [12.94, 8.36, 1],
			"faces": {
				"north": {"uv": [0, 0, 0.88, 0.16], "texture": "#0"},
				"east": {"uv": [0, 0, 1, 0.16], "texture": "#0"},
				"south": {"uv": [0, 0, 0.88, 0.16], "texture": "#0"},
				"west": {"uv": [0, 0, 1, 0.16], "texture": "#0"},
				"up": {"uv": [0, 0, 0.88, 1], "texture": "#0"},
				"down": {"uv": [0, 0, 0.88, 1], "texture": "#0"}
			}
		},
		{
			"from": [12.04, 8.2, 0],
			"to": [12.06, 8.22, 1],
			"faces": {
				"north": {"uv": [0, 0, 0.02, 0.02], "texture": "#0"},
				"east": {"uv": [0, 0, 1, 0.02], "texture": "#0"},
				"south": {"uv": [0, 0, 0.02, 0.02], "texture": "#0"},
				"west": {"uv": [0, 0, 1, 0.02], "texture": "#0"},
				"up": {"uv": [0, 0, 0.02, 1], "texture": "#0"},
				"down": {"uv": [0, 0, 0.02, 1], "texture": "#0"}
			}
		},
		{
			"from": [12.94, 8.2, 0],
			"to": [12.96, 8.22, 1],
			"rotation": {"angle": 0, "axis": "y", "origin": [12.95, 8.21, 0.5]},
			"faces": {
				"north": {"uv": [0, 0, 0.02, 0.02], "texture": "#0"},
				"east": {"uv": [0, 0, 1, 0.02], "texture": "#0"},
				"south": {"uv": [0, 0, 0.02, 0.02], "texture": "#0"},
				"west": {"uv": [0, 0, 1, 0.02], "texture": "#0"},
				"up": {"uv": [0, 0, 0.02, 1], "texture": "#0"},
				"down": {"uv": [0, 0, 0.02, 1], "texture": "#0"}
			}
		},
		{
			"from": [4.5, 7.4, 0],
			"to": [11.9, 7.7, 1],
			"faces": {
				"north": {"uv": [0, 0, 7.4, 0.3], "texture": "#1"},
				"east": {"uv": [0, 0, 1, 0.3], "texture": "#1"},
				"south": {"uv": [0, 0, 7.4, 0.3], "texture": "#1"},
				"west": {"uv": [0, 0, 1, 0.3], "texture": "#1"},
				"up": {"uv": [0, 0, 7.4, 1], "texture": "#1"},
				"down": {"uv": [0, 0, 7.4, 1], "texture": "#1"}
			}
		},
		{
			"from": [6.8, 7.7, 0],
			"to": [10.6, 7.8, 1],
			"faces": {
				"north": {"uv": [0, 0, 3.8, 0.1], "texture": "#1"},
				"east": {"uv": [0, 0, 1, 0.1], "texture": "#1"},
				"south": {"uv": [0, 0, 3.8, 0.1], "texture": "#1"},
				"west": {"uv": [0, 0, 1, 0.1], "texture": "#1"},
				"up": {"uv": [0, 0, 3.8, 1], "texture": "#1"},
				"down": {"uv": [0, 0, 3.8, 1], "texture": "#1"}
			}
		},
		{
			"from": [10.55, 7.67929, 0],
			"to": [10.69, 7.77929, 1],
			"rotation": {"angle": -45, "axis": "z", "origin": [10.6, 7.72929, 0.5]},
			"faces": {
				"north": {"uv": [0, 0, 0.14, 0.1], "texture": "#1"},
				"east": {"uv": [0, 0, 1, 0.1], "texture": "#1"},
				"south": {"uv": [0, 0, 0.14, 0.1], "texture": "#1"},
				"west": {"uv": [0, 0, 1, 0.1], "texture": "#1"},
				"up": {"uv": [0, 0, 0.14, 1], "texture": "#1"},
				"down": {"uv": [0, 0, 0.14, 1], "texture": "#1"}
			}
		},
		{
			"from": [6.75, 7.63929, 0],
			"to": [6.85, 7.77929, 1],
			"rotation": {"angle": -45, "axis": "z", "origin": [6.8, 7.72929, 0.5]},
			"faces": {
				"north": {"uv": [0, 0, 0.14, 0.1], "texture": "#1", "rotation": 270},
				"east": {"uv": [0, 0, 0.14, 1], "texture": "#1", "rotation": 90},
				"south": {"uv": [0, 0, 0.14, 0.1], "texture": "#1", "rotation": 90},
				"west": {"uv": [0, 0, 0.14, 1], "texture": "#1", "rotation": 90},
				"up": {"uv": [0, 0, 1, 0.1], "texture": "#1", "rotation": 90},
				"down": {"uv": [0, 0, 1, 0.1], "texture": "#1", "rotation": 90}
			}
		},
		{
			"name": "hexadecagon",
			"from": [7.40054, 8, 0],
			"to": [7.59946, 8.325, 0.4],
			"rotation": {"angle": -45, "axis": "y", "origin": [7.5, 8.1, 0.5]},
			"faces": {
				"north": {"uv": [0, 0, 0.19891, 0.325], "texture": "#0"},
				"east": {"uv": [0, 0, 0.4, 0.325], "texture": "#0"},
				"south": {"uv": [0, 0, 0.19891, 0.325], "texture": "#0"},
				"west": {"uv": [0, 0, 0.4, 0.325], "texture": "#0"},
				"up": {"uv": [0, 0, 0.19891, 0.4], "texture": "#0"},
				"down": {"uv": [0, 0, 0.19891, 0.4], "texture": "#0"}
			}
		},
		{
			"name": "hexadecagon",
			"from": [7.40054, 8, 0],
			"to": [7.59946, 8.325, 0.4],
			"rotation": {"angle": -22.5, "axis": "y", "origin": [7.5, 8.1, 0.5]},
			"faces": {
				"north": {"uv": [0, 0, 0.19891, 0.325], "texture": "#0"},
				"east": {"uv": [0, 0, 0.4, 0.325], "texture": "#0"},
				"south": {"uv": [0, 0, 0.19891, 0.325], "texture": "#0"},
				"west": {"uv": [0, 0, 0.4, 0.325], "texture": "#0"},
				"up": {"uv": [0, 0, 0.19891, 0.4], "texture": "#0"},
				"down": {"uv": [0, 0, 0.19891, 0.4], "texture": "#0"}
			}
		},
		{
			"name": "hexadecagon",
			"from": [7.40054, 8, 0],
			"to": [7.59946, 8.325, 0.4],
			"rotation": {"angle": 0, "axis": "y", "origin": [7.5, 8.1, 0.5]},
			"faces": {
				"north": {"uv": [0, 0, 0.19891, 0.325], "texture": "#0"},
				"east": {"uv": [0, 0, 0.4, 0.325], "texture": "#0"},
				"south": {"uv": [0, 0, 0.19891, 0.325], "texture": "#0"},
				"west": {"uv": [0, 0, 0.4, 0.325], "texture": "#0"},
				"up": {"uv": [0, 0, 0.19891, 0.4], "texture": "#0"},
				"down": {"uv": [0, 0, 0.19891, 0.4], "texture": "#0"}
			}
		},
		{
			"name": "hexadecagon",
			"from": [7.40054, 8, 0],
			"to": [7.59946, 8.325, 0.4],
			"rotation": {"angle": 22.5, "axis": "y", "origin": [7.5, 8.1, 0.5]},
			"faces": {
				"north": {"uv": [0, 0, 0.19891, 0.325], "texture": "#0"},
				"east": {"uv": [0, 0, 0.4, 0.325], "texture": "#0"},
				"south": {"uv": [0, 0, 0.19891, 0.325], "texture": "#0"},
				"west": {"uv": [0, 0, 0.4, 0.325], "texture": "#0"},
				"up": {"uv": [0, 0, 0.19891, 0.4], "texture": "#0"},
				"down": {"uv": [0, 0, 0.19891, 0.4], "texture": "#0"}
			}
		},
		{
			"name": "hexadecagon",
			"from": [7.40054, 8, 0],
			"to": [7.59946, 8.325, 0.4],
			"rotation": {"angle": 45, "axis": "y", "origin": [7.5, 8.1, 0.5]},
			"faces": {
				"north": {"uv": [0, 0, 0.19891, 0.325], "texture": "#0"},
				"east": {"uv": [0, 0, 0.4, 0.325], "texture": "#0"},
				"south": {"uv": [0, 0, 0.19891, 0.325], "texture": "#0"},
				"west": {"uv": [0, 0, 0.4, 0.325], "texture": "#0"},
				"up": {"uv": [0, 0, 0.19891, 0.4], "texture": "#0"},
				"down": {"uv": [0, 0, 0.19891, 0.4], "texture": "#0"}
			}
		},
		{
			"name": "hexadecagon",
			"from": [7.40054, 8, 0.6],
			"to": [7.59946, 8.325, 1],
			"rotation": {"angle": -45, "axis": "y", "origin": [7.5, 8.1, 0.5]},
			"faces": {
				"north": {"uv": [0, 0, 0.19891, 0.325], "texture": "#0"},
				"east": {"uv": [0, 0, 0.4, 0.325], "texture": "#0"},
				"south": {"uv": [0, 0, 0.19891, 0.325], "texture": "#0"},
				"west": {"uv": [0, 0, 0.4, 0.325], "texture": "#0"},
				"up": {"uv": [0, 0, 0.19891, 0.4], "texture": "#0"},
				"down": {"uv": [0, 0, 0.19891, 0.4], "texture": "#0"}
			}
		},
		{
			"name": "hexadecagon",
			"from": [7.40054, 8, 0.6],
			"to": [7.59946, 8.325, 1],
			"rotation": {"angle": -22.5, "axis": "y", "origin": [7.5, 8.1, 0.5]},
			"faces": {
				"north": {"uv": [0, 0, 0.19891, 0.325], "texture": "#0"},
				"east": {"uv": [0, 0, 0.4, 0.325], "texture": "#0"},
				"south": {"uv": [0, 0, 0.19891, 0.325], "texture": "#0"},
				"west": {"uv": [0, 0, 0.4, 0.325], "texture": "#0"},
				"up": {"uv": [0, 0, 0.19891, 0.4], "texture": "#0"},
				"down": {"uv": [0, 0, 0.19891, 0.4], "texture": "#0"}
			}
		},
		{
			"name": "hexadecagon",
			"from": [7.40054, 8, 0.6],
			"to": [7.59946, 8.325, 1],
			"rotation": {"angle": 0, "axis": "y", "origin": [7.5, 8.1, 0.5]},
			"faces": {
				"north": {"uv": [0, 0, 0.19891, 0.325], "texture": "#0"},
				"east": {"uv": [0, 0, 0.4, 0.325], "texture": "#0"},
				"south": {"uv": [0, 0, 0.19891, 0.325], "texture": "#0"},
				"west": {"uv": [0, 0, 0.4, 0.325], "texture": "#0"},
				"up": {"uv": [0, 0, 0.19891, 0.4], "texture": "#0"},
				"down": {"uv": [0, 0, 0.19891, 0.4], "texture": "#0"}
			}
		},
		{
			"name": "hexadecagon",
			"from": [7.40054, 8, 0.6],
			"to": [7.59946, 8.325, 1],
			"rotation": {"angle": 22.5, "axis": "y", "origin": [7.5, 8.1, 0.5]},
			"faces": {
				"north": {"uv": [0, 0, 0.19891, 0.325], "texture": "#0"},
				"east": {"uv": [0, 0, 0.4, 0.325], "texture": "#0"},
				"south": {"uv": [0, 0, 0.19891, 0.325], "texture": "#0"},
				"west": {"uv": [0, 0, 0.4, 0.325], "texture": "#0"},
				"up": {"uv": [0, 0, 0.19891, 0.4], "texture": "#0"},
				"down": {"uv": [0, 0, 0.19891, 0.4], "texture": "#0"}
			}
		},
		{
			"name": "hexadecagon",
			"from": [7.40054, 8, 0.6],
			"to": [7.59946, 8.325, 1],
			"rotation": {"angle": 45, "axis": "y", "origin": [7.5, 8.1, 0.5]},
			"faces": {
				"north": {"uv": [0, 0, 0.19891, 0.325], "texture": "#0"},
				"east": {"uv": [0, 0, 0.4, 0.325], "texture": "#0"},
				"south": {"uv": [0, 0, 0.19891, 0.325], "texture": "#0"},
				"west": {"uv": [0, 0, 0.4, 0.325], "texture": "#0"},
				"up": {"uv": [0, 0, 0.19891, 0.4], "texture": "#0"},
				"down": {"uv": [0, 0, 0.19891, 0.4], "texture": "#0"}
			}
		},
		{
			"name": "hexadecagon",
			"from": [7, 8, 0.40054],
			"to": [7.4, 8.325, 0.59946],
			"rotation": {"angle": -22.5, "axis": "y", "origin": [7.5, 8.1, 0.5]},
			"faces": {
				"north": {"uv": [0, 0, 0.4, 0.325], "texture": "#0"},
				"east": {"uv": [0, 0, 0.19891, 0.325], "texture": "#0"},
				"south": {"uv": [0, 0, 0.4, 0.325], "texture": "#0"},
				"west": {"uv": [0, 0, 0.19891, 0.325], "texture": "#0"},
				"up": {"uv": [0, 0, 0.4, 0.19891], "texture": "#0"},
				"down": {"uv": [0, 0, 0.4, 0.19891], "texture": "#0"}
			}
		},
		{
			"name": "hexadecagon",
			"from": [7, 8, 0.40054],
			"to": [7.4, 8.325, 0.59946],
			"rotation": {"angle": 0, "axis": "y", "origin": [7.5, 8.1, 0.5]},
			"faces": {
				"north": {"uv": [0, 0, 0.4, 0.325], "texture": "#0"},
				"east": {"uv": [0, 0, 0.19891, 0.325], "texture": "#0"},
				"south": {"uv": [0, 0, 0.4, 0.325], "texture": "#0"},
				"west": {"uv": [0, 0, 0.19891, 0.325], "texture": "#0"},
				"up": {"uv": [0, 0, 0.4, 0.19891], "texture": "#0"},
				"down": {"uv": [0, 0, 0.4, 0.19891], "texture": "#0"}
			}
		},
		{
			"name": "hexadecagon",
			"from": [7, 8, 0.40054],
			"to": [7.4, 8.325, 0.59946],
			"rotation": {"angle": 22.5, "axis": "y", "origin": [7.5, 8.1, 0.5]},
			"faces": {
				"north": {"uv": [0, 0, 0.4, 0.325], "texture": "#0"},
				"east": {"uv": [0, 0, 0.19891, 0.325], "texture": "#0"},
				"south": {"uv": [0, 0, 0.4, 0.325], "texture": "#0"},
				"west": {"uv": [0, 0, 0.19891, 0.325], "texture": "#0"},
				"up": {"uv": [0, 0, 0.4, 0.19891], "texture": "#0"},
				"down": {"uv": [0, 0, 0.4, 0.19891], "texture": "#0"}
			}
		},
		{
			"name": "hexadecagon",
			"from": [7.6, 8, 0.40054],
			"to": [8, 8.325, 0.59946],
			"rotation": {"angle": -22.5, "axis": "y", "origin": [7.5, 8.1, 0.5]},
			"faces": {
				"north": {"uv": [0, 0, 0.4, 0.325], "texture": "#0"},
				"east": {"uv": [0, 0, 0.19891, 0.325], "texture": "#0"},
				"south": {"uv": [0, 0, 0.4, 0.325], "texture": "#0"},
				"west": {"uv": [0, 0, 0.19891, 0.325], "texture": "#0"},
				"up": {"uv": [0, 0, 0.4, 0.19891], "texture": "#0"},
				"down": {"uv": [0, 0, 0.4, 0.19891], "texture": "#0"}
			}
		},
		{
			"name": "hexadecagon",
			"from": [7.6, 8, 0.40054],
			"to": [8, 8.325, 0.59946],
			"rotation": {"angle": 0, "axis": "y", "origin": [7.5, 8.1, 0.5]},
			"faces": {
				"north": {"uv": [0, 0, 0.4, 0.325], "texture": "#0"},
				"east": {"uv": [0, 0, 0.19891, 0.325], "texture": "#0"},
				"south": {"uv": [0, 0, 0.4, 0.325], "texture": "#0"},
				"west": {"uv": [0, 0, 0.19891, 0.325], "texture": "#0"},
				"up": {"uv": [0, 0, 0.4, 0.19891], "texture": "#0"},
				"down": {"uv": [0, 0, 0.4, 0.19891], "texture": "#0"}
			}
		},
		{
			"name": "hexadecagon",
			"from": [7.6, 8, 0.40054],
			"to": [8, 8.325, 0.59946],
			"rotation": {"angle": 22.5, "axis": "y", "origin": [7.5, 8.1, 0.5]},
			"faces": {
				"north": {"uv": [0, 0, 0.4, 0.325], "texture": "#0"},
				"east": {"uv": [0, 0, 0.19891, 0.325], "texture": "#0"},
				"south": {"uv": [0, 0, 0.4, 0.325], "texture": "#0"},
				"west": {"uv": [0, 0, 0.19891, 0.325], "texture": "#0"},
				"up": {"uv": [0, 0, 0.4, 0.19891], "texture": "#0"},
				"down": {"uv": [0, 0, 0.4, 0.19891], "texture": "#0"}
			}
		},
		{
			"name": "hexadecagon",
			"from": [7.42541, 7.8, 0.125],
			"to": [7.57459, 8, 0.225],
			"rotation": {"angle": -45, "axis": "y", "origin": [7.5, 8.3, 0.5]},
			"faces": {
				"north": {"uv": [0, 0, 0.14918, 0.2], "texture": "#0"},
				"east": {"uv": [0, 0, 0.1, 0.2], "texture": "#0"},
				"south": {"uv": [0, 0, 0.14918, 0.2], "texture": "#0"},
				"west": {"uv": [0, 0, 0.1, 0.2], "texture": "#0"},
				"up": {"uv": [0, 0, 0.14918, 0.1], "texture": "#0"},
				"down": {"uv": [0, 0, 0.14918, 0.1], "texture": "#0"}
			}
		},
		{
			"name": "hexadecagon",
			"from": [7.42541, 7.8, 0.125],
			"to": [7.57459, 8, 0.225],
			"rotation": {"angle": -22.5, "axis": "y", "origin": [7.5, 8.3, 0.5]},
			"faces": {
				"north": {"uv": [0, 0, 0.14918, 0.2], "texture": "#0"},
				"east": {"uv": [0, 0, 0.1, 0.2], "texture": "#0"},
				"south": {"uv": [0, 0, 0.14918, 0.2], "texture": "#0"},
				"west": {"uv": [0, 0, 0.1, 0.2], "texture": "#0"},
				"up": {"uv": [0, 0, 0.14918, 0.1], "texture": "#0"},
				"down": {"uv": [0, 0, 0.14918, 0.1], "texture": "#0"}
			}
		},
		{
			"name": "hexadecagon",
			"from": [7.42541, 7.8, 0.125],
			"to": [7.57459, 8, 0.225],
			"rotation": {"angle": 0, "axis": "y", "origin": [7.5, 8.3, 0.5]},
			"faces": {
				"north": {"uv": [0, 0, 0.14918, 0.2], "texture": "#0"},
				"east": {"uv": [0, 0, 0.1, 0.2], "texture": "#0"},
				"south": {"uv": [0, 0, 0.14918, 0.2], "texture": "#0"},
				"west": {"uv": [0, 0, 0.1, 0.2], "texture": "#0"},
				"up": {"uv": [0, 0, 0.14918, 0.1], "texture": "#0"},
				"down": {"uv": [0, 0, 0.14918, 0.1], "texture": "#0"}
			}
		},
		{
			"name": "hexadecagon",
			"from": [7.42541, 7.8, 0.125],
			"to": [7.57459, 8, 0.225],
			"rotation": {"angle": 22.5, "axis": "y", "origin": [7.5, 8.3, 0.5]},
			"faces": {
				"north": {"uv": [0, 0, 0.14918, 0.2], "texture": "#0"},
				"east": {"uv": [0, 0, 0.1, 0.2], "texture": "#0"},
				"south": {"uv": [0, 0, 0.14918, 0.2], "texture": "#0"},
				"west": {"uv": [0, 0, 0.1, 0.2], "texture": "#0"},
				"up": {"uv": [0, 0, 0.14918, 0.1], "texture": "#0"},
				"down": {"uv": [0, 0, 0.14918, 0.1], "texture": "#0"}
			}
		},
		{
			"name": "hexadecagon",
			"from": [7.42541, 7.8, 0.125],
			"to": [7.57459, 8, 0.225],
			"rotation": {"angle": 45, "axis": "y", "origin": [7.5, 8.3, 0.5]},
			"faces": {
				"north": {"uv": [0, 0, 0.14918, 0.2], "texture": "#0"},
				"east": {"uv": [0, 0, 0.1, 0.2], "texture": "#0"},
				"south": {"uv": [0, 0, 0.14918, 0.2], "texture": "#0"},
				"west": {"uv": [0, 0, 0.1, 0.2], "texture": "#0"},
				"up": {"uv": [0, 0, 0.14918, 0.1], "texture": "#0"},
				"down": {"uv": [0, 0, 0.14918, 0.1], "texture": "#0"}
			}
		},
		{
			"name": "hexadecagon",
			"from": [7.42541, 7.8, 0.775],
			"to": [7.57459, 8, 0.875],
			"rotation": {"angle": -45, "axis": "y", "origin": [7.5, 8.3, 0.5]},
			"faces": {
				"north": {"uv": [0, 0, 0.14918, 0.2], "texture": "#0"},
				"east": {"uv": [0, 0, 0.1, 0.2], "texture": "#0"},
				"south": {"uv": [0, 0, 0.14918, 0.2], "texture": "#0"},
				"west": {"uv": [0, 0, 0.1, 0.2], "texture": "#0"},
				"up": {"uv": [0, 0, 0.14918, 0.1], "texture": "#0"},
				"down": {"uv": [0, 0, 0.14918, 0.1], "texture": "#0"}
			}
		},
		{
			"name": "hexadecagon",
			"from": [7.42541, 7.8, 0.775],
			"to": [7.57459, 8, 0.875],
			"rotation": {"angle": -22.5, "axis": "y", "origin": [7.5, 8.3, 0.5]},
			"faces": {
				"north": {"uv": [0, 0, 0.14918, 0.2], "texture": "#0"},
				"east": {"uv": [0, 0, 0.1, 0.2], "texture": "#0"},
				"south": {"uv": [0, 0, 0.14918, 0.2], "texture": "#0"},
				"west": {"uv": [0, 0, 0.1, 0.2], "texture": "#0"},
				"up": {"uv": [0, 0, 0.14918, 0.1], "texture": "#0"},
				"down": {"uv": [0, 0, 0.14918, 0.1], "texture": "#0"}
			}
		},
		{
			"name": "hexadecagon",
			"from": [7.42541, 7.8, 0.775],
			"to": [7.57459, 8, 0.875],
			"rotation": {"angle": 0, "axis": "y", "origin": [7.5, 8.3, 0.5]},
			"faces": {
				"north": {"uv": [0, 0, 0.14918, 0.2], "texture": "#0"},
				"east": {"uv": [0, 0, 0.1, 0.2], "texture": "#0"},
				"south": {"uv": [0, 0, 0.14918, 0.2], "texture": "#0"},
				"west": {"uv": [0, 0, 0.1, 0.2], "texture": "#0"},
				"up": {"uv": [0, 0, 0.14918, 0.1], "texture": "#0"},
				"down": {"uv": [0, 0, 0.14918, 0.1], "texture": "#0"}
			}
		},
		{
			"name": "hexadecagon",
			"from": [7.42541, 7.8, 0.775],
			"to": [7.57459, 8, 0.875],
			"rotation": {"angle": 22.5, "axis": "y", "origin": [7.5, 8.3, 0.5]},
			"faces": {
				"north": {"uv": [0, 0, 0.14918, 0.2], "texture": "#0"},
				"east": {"uv": [0, 0, 0.1, 0.2], "texture": "#0"},
				"south": {"uv": [0, 0, 0.14918, 0.2], "texture": "#0"},
				"west": {"uv": [0, 0, 0.1, 0.2], "texture": "#0"},
				"up": {"uv": [0, 0, 0.14918, 0.1], "texture": "#0"},
				"down": {"uv": [0, 0, 0.14918, 0.1], "texture": "#0"}
			}
		},
		{
			"name": "hexadecagon",
			"from": [7.42541, 7.8, 0.775],
			"to": [7.57459, 8, 0.875],
			"rotation": {"angle": 45, "axis": "y", "origin": [7.5, 8.3, 0.5]},
			"faces": {
				"north": {"uv": [0, 0, 0.14918, 0.2], "texture": "#0"},
				"east": {"uv": [0, 0, 0.1, 0.2], "texture": "#0"},
				"south": {"uv": [0, 0, 0.14918, 0.2], "texture": "#0"},
				"west": {"uv": [0, 0, 0.1, 0.2], "texture": "#0"},
				"up": {"uv": [0, 0, 0.14918, 0.1], "texture": "#0"},
				"down": {"uv": [0, 0, 0.14918, 0.1], "texture": "#0"}
			}
		},
		{
			"name": "hexadecagon",
			"from": [7.125, 7.8, 0.42541],
			"to": [7.225, 8, 0.57459],
			"rotation": {"angle": -22.5, "axis": "y", "origin": [7.5, 8.3, 0.5]},
			"faces": {
				"north": {"uv": [0, 0, 0.1, 0.2], "texture": "#0"},
				"east": {"uv": [0, 0, 0.14918, 0.2], "texture": "#0"},
				"south": {"uv": [0, 0, 0.1, 0.2], "texture": "#0"},
				"west": {"uv": [0, 0, 0.14918, 0.2], "texture": "#0"},
				"up": {"uv": [0, 0, 0.1, 0.14918], "texture": "#0"},
				"down": {"uv": [0, 0, 0.1, 0.14918], "texture": "#0"}
			}
		},
		{
			"name": "hexadecagon",
			"from": [7.125, 7.8, 0.42541],
			"to": [7.225, 8, 0.57459],
			"rotation": {"angle": 0, "axis": "y", "origin": [7.5, 8.3, 0.5]},
			"faces": {
				"north": {"uv": [0, 0, 0.1, 0.2], "texture": "#0"},
				"east": {"uv": [0, 0, 0.14918, 0.2], "texture": "#0"},
				"south": {"uv": [0, 0, 0.1, 0.2], "texture": "#0"},
				"west": {"uv": [0, 0, 0.14918, 0.2], "texture": "#0"},
				"up": {"uv": [0, 0, 0.1, 0.14918], "texture": "#0"},
				"down": {"uv": [0, 0, 0.1, 0.14918], "texture": "#0"}
			}
		},
		{
			"name": "hexadecagon",
			"from": [7.125, 7.8, 0.42541],
			"to": [7.225, 8, 0.57459],
			"rotation": {"angle": 22.5, "axis": "y", "origin": [7.5, 8.3, 0.5]},
			"faces": {
				"north": {"uv": [0, 0, 0.1, 0.2], "texture": "#0"},
				"east": {"uv": [0, 0, 0.14918, 0.2], "texture": "#0"},
				"south": {"uv": [0, 0, 0.1, 0.2], "texture": "#0"},
				"west": {"uv": [0, 0, 0.14918, 0.2], "texture": "#0"},
				"up": {"uv": [0, 0, 0.1, 0.14918], "texture": "#0"},
				"down": {"uv": [0, 0, 0.1, 0.14918], "texture": "#0"}
			}
		},
		{
			"name": "hexadecagon",
			"from": [7.775, 7.8, 0.42541],
			"to": [7.875, 8, 0.57459],
			"rotation": {"angle": -22.5, "axis": "y", "origin": [7.5, 8.3, 0.5]},
			"faces": {
				"north": {"uv": [0, 0, 0.1, 0.2], "texture": "#0"},
				"east": {"uv": [0, 0, 0.14918, 0.2], "texture": "#0"},
				"south": {"uv": [0, 0, 0.1, 0.2], "texture": "#0"},
				"west": {"uv": [0, 0, 0.14918, 0.2], "texture": "#0"},
				"up": {"uv": [0, 0, 0.1, 0.14918], "texture": "#0"},
				"down": {"uv": [0, 0, 0.1, 0.14918], "texture": "#0"}
			}
		},
		{
			"name": "hexadecagon",
			"from": [7.775, 7.8, 0.42541],
			"to": [7.875, 8, 0.57459],
			"rotation": {"angle": 0, "axis": "y", "origin": [7.5, 8.3, 0.5]},
			"faces": {
				"north": {"uv": [0, 0, 0.1, 0.2], "texture": "#0"},
				"east": {"uv": [0, 0, 0.14918, 0.2], "texture": "#0"},
				"south": {"uv": [0, 0, 0.1, 0.2], "texture": "#0"},
				"west": {"uv": [0, 0, 0.14918, 0.2], "texture": "#0"},
				"up": {"uv": [0, 0, 0.1, 0.14918], "texture": "#0"},
				"down": {"uv": [0, 0, 0.1, 0.14918], "texture": "#0"}
			}
		},
		{
			"name": "hexadecagon",
			"from": [7.775, 7.8, 0.42541],
			"to": [7.875, 8, 0.57459],
			"rotation": {"angle": 22.5, "axis": "y", "origin": [7.5, 8.3, 0.5]},
			"faces": {
				"north": {"uv": [0, 0, 0.1, 0.2], "texture": "#0"},
				"east": {"uv": [0, 0, 0.14918, 0.2], "texture": "#0"},
				"south": {"uv": [0, 0, 0.1, 0.2], "texture": "#0"},
				"west": {"uv": [0, 0, 0.14918, 0.2], "texture": "#0"},
				"up": {"uv": [0, 0, 0.1, 0.14918], "texture": "#0"},
				"down": {"uv": [0, 0, 0.1, 0.14918], "texture": "#0"}
			}
		},
		{
			"from": [10.66798, 5.39617, 0.1],
			"to": [10.84398, 5.43617, 0.9],
			"rotation": {"angle": -45, "axis": "z", "origin": [10.71798, 5.44617, 0.5]},
			"faces": {
				"north": {"uv": [0, 0, 0.176, 0.04], "texture": "#1"},
				"east": {"uv": [0, 0, 0.8, 0.04], "texture": "#1"},
				"south": {"uv": [0, 0, 0.176, 0.04], "texture": "#1"},
				"west": {"uv": [0, 0, 0.8, 0.04], "texture": "#1"},
				"up": {"uv": [0, 0, 0.176, 0.8], "texture": "#1"},
				"down": {"uv": [0, 0, 0.176, 0.8], "texture": "#1"}
			}
		},
		{
			"from": [10.691, 5.35, 0.1],
			"to": [10.743, 5.376, 0.9],
			"rotation": {"angle": 0, "axis": "z", "origin": [10.741, 5.4, 0.5]},
			"faces": {
				"north": {"uv": [0, 0, 0.052, 0.026], "texture": "#1"},
				"east": {"uv": [0, 0, 0.8, 0.026], "texture": "#1"},
				"south": {"uv": [0, 0, 0.052, 0.026], "texture": "#1"},
				"west": {"uv": [0, 0, 0.8, 0.026], "texture": "#1"},
				"up": {"uv": [0, 0, 0.052, 0.8], "texture": "#1"},
				"down": {"uv": [0, 0, 0.052, 0.8], "texture": "#1"}
			}
		},
		{
			"from": [4.4, 7.1, 0],
			"to": [7.1, 7.4, 1],
			"faces": {
				"north": {"uv": [0, 0, 2.7, 0.3], "texture": "#1"},
				"east": {"uv": [0, 0, 1, 0.3], "texture": "#1"},
				"south": {"uv": [0, 0, 2.7, 0.3], "texture": "#1"},
				"west": {"uv": [0, 0, 1, 0.3], "texture": "#1"},
				"up": {"uv": [0, 0, 2.7, 1], "texture": "#1"},
				"down": {"uv": [0, 0, 2.7, 1], "texture": "#1"}
			}
		},
		{
			"from": [4.3, 7.1, 0],
			"to": [4.4, 7.6, 1],
			"faces": {
				"north": {"uv": [0, 0, 0.1, 0.5], "texture": "#1"},
				"east": {"uv": [0, 0, 1, 0.5], "texture": "#1"},
				"south": {"uv": [0, 0, 0.1, 0.5], "texture": "#1"},
				"west": {"uv": [0, 0, 1, 0.5], "texture": "#1"},
				"up": {"uv": [0, 0, 0.1, 1], "texture": "#1"},
				"down": {"uv": [0, 0, 0.1, 1], "texture": "#1"}
			}
		},
		{
			"from": [4.4, 7.4, 0],
			"to": [4.5, 7.7, 1],
			"faces": {
				"north": {"uv": [0, 0, 0.1, 0.3], "texture": "#1"},
				"east": {"uv": [0, 0, 1, 0.3], "texture": "#1"},
				"south": {"uv": [0, 0, 0.1, 0.3], "texture": "#1"},
				"west": {"uv": [0, 0, 1, 0.3], "texture": "#1"},
				"up": {"uv": [0, 0, 0.1, 1], "texture": "#1"},
				"down": {"uv": [0, 0, 0.1, 1], "texture": "#1"}
			}
		},
		{
			"from": [11.65355, 8.49497, 0],
			"to": [12.05355, 8.59497, 1],
			"rotation": {"angle": 45, "axis": "z", "origin": [12.25355, 8.69497, 0.5]},
			"faces": {
				"north": {"uv": [0, 0, 0.4, 0.1], "texture": "#0"},
				"east": {"uv": [0, 0, 1, 0.1], "texture": "#0"},
				"south": {"uv": [0, 0, 0.4, 0.1], "texture": "#0"},
				"west": {"uv": [0, 0, 1, 0.1], "texture": "#0"},
				"up": {"uv": [0, 0, 0.4, 1], "texture": "#0"},
				"down": {"uv": [0, 0, 0.4, 1], "texture": "#0"}
			}
		},
		{
			"from": [4.40659, 8.24194, 0],
			"to": [4.70659, 8.41694, 1],
			"rotation": {"angle": 45, "axis": "z", "origin": [5.00659, 8.44194, 0.5]},
			"faces": {
				"north": {"uv": [0, 0, 0.3, 0.175], "texture": "#0"},
				"east": {"uv": [0, 0, 1, 0.175], "texture": "#0"},
				"south": {"uv": [0, 0, 0.3, 0.175], "texture": "#0"},
				"west": {"uv": [0, 0, 1, 0.175], "texture": "#0"},
				"up": {"uv": [0, 0, 0.3, 1], "texture": "#0"},
				"down": {"uv": [0, 0, 0.3, 1], "texture": "#0"}
			}
		},
		{
			"from": [5.52981, 8.10555, 0],
			"to": [5.70481, 8.40555, 1],
			"rotation": {"angle": 45, "axis": "z", "origin": [5.72981, 7.80555, 0.5]},
			"faces": {
				"north": {"uv": [0, 0, 0.3, 0.175], "texture": "#0", "rotation": 270},
				"east": {"uv": [0, 0, 0.3, 1], "texture": "#0", "rotation": 90},
				"south": {"uv": [0, 0, 0.3, 0.175], "texture": "#0", "rotation": 90},
				"west": {"uv": [0, 0, 0.3, 1], "texture": "#0", "rotation": 90},
				"up": {"uv": [0, 0, 1, 0.175], "texture": "#0", "rotation": 90},
				"down": {"uv": [0, 0, 1, 0.175], "texture": "#0", "rotation": 90}
			}
		},
		{
			"from": [4.6, 7.7, 0],
			"to": [5.5, 8, 1],
			"faces": {
				"north": {"uv": [0, 0, 0.9, 0.3], "texture": "#0"},
				"east": {"uv": [0, 0, 1, 0.3], "texture": "#0"},
				"south": {"uv": [0, 0, 0.9, 0.3], "texture": "#0"},
				"west": {"uv": [0, 0, 1, 0.3], "texture": "#0"},
				"up": {"uv": [0, 0, 0.9, 1], "texture": "#0"},
				"down": {"uv": [0, 0, 0.9, 1], "texture": "#0"}
			}
		},
		{
			"from": [4.72819, 8.33413, 0],
			"to": [4.82819, 8.43413, 1],
			"rotation": {"angle": 22.5, "axis": "z", "origin": [5.32819, 8.53413, 0.5]},
			"faces": {
				"north": {"uv": [0, 0, 0.1, 0.1], "texture": "#0"},
				"east": {"uv": [0, 0, 1, 0.1], "texture": "#0"},
				"south": {"uv": [0, 0, 0.1, 0.1], "texture": "#0"},
				"west": {"uv": [0, 0, 1, 0.1], "texture": "#0"},
				"up": {"uv": [0, 0, 0.1, 1], "texture": "#0"},
				"down": {"uv": [0, 0, 0.1, 1], "texture": "#0"}
			}
		},
		{
			"from": [5.18808, 7.91318, 0],
			"to": [5.28808, 8.01318, 1],
			"rotation": {"angle": -22.5, "axis": "z", "origin": [5.78808, 8.11318, 0.5]},
			"faces": {
				"north": {"uv": [0, 0, 0.1, 0.1], "texture": "#0"},
				"east": {"uv": [0, 0, 1, 0.1], "texture": "#0"},
				"south": {"uv": [0, 0, 0.1, 0.1], "texture": "#0"},
				"west": {"uv": [0, 0, 1, 0.1], "texture": "#0"},
				"up": {"uv": [0, 0, 0.1, 1], "texture": "#0"},
				"down": {"uv": [0, 0, 0.1, 1], "texture": "#0"}
			}
		},
		{
			"from": [4.90452, 8.1504, 0],
			"to": [5.19552, 8.2504, 1],
			"rotation": {"angle": 0, "axis": "z", "origin": [5.50452, 8.3504, 0.5]},
			"faces": {
				"north": {"uv": [0, 0, 0.291, 0.1], "texture": "#0"},
				"east": {"uv": [0, 0, 1, 0.1], "texture": "#0"},
				"south": {"uv": [0, 0, 0.291, 0.1], "texture": "#0"},
				"west": {"uv": [0, 0, 1, 0.1], "texture": "#0"},
				"up": {"uv": [0, 0, 0.291, 1], "texture": "#0"},
				"down": {"uv": [0, 0, 0.291, 1], "texture": "#0"}
			}
		},
		{
			"from": [4.8504, 8, 0],
			"to": [5.2495, 8.15999, 1],
			"rotation": {"angle": 0, "axis": "z", "origin": [5.5504, 8.2, 0.5]},
			"faces": {
				"north": {"uv": [0, 0, 0.3991, 0.15999], "texture": "#0"},
				"east": {"uv": [0, 0, 1, 0.15999], "texture": "#0"},
				"south": {"uv": [0, 0, 0.3991, 0.15999], "texture": "#0"},
				"west": {"uv": [0, 0, 1, 0.15999], "texture": "#0"},
				"up": {"uv": [0, 0, 0.3991, 1], "texture": "#0"},
				"down": {"uv": [0, 0, 0.3991, 1], "texture": "#0"}
			}
		},
		{
			"from": [10.4, 3.99, 0],
			"to": [10.5, 5.3, 1],
			"faces": {
				"north": {"uv": [0, 0, 0.1, 1.31], "texture": "#0"},
				"east": {"uv": [0, 0, 1, 1.31], "texture": "#0"},
				"south": {"uv": [0, 0, 0.1, 1.31], "texture": "#0"},
				"west": {"uv": [0, 0, 1, 1.31], "texture": "#0"},
				"up": {"uv": [0, 0, 0.1, 1], "texture": "#0"},
				"down": {"uv": [0, 0, 0.1, 1], "texture": "#0"}
			}
		},
		{
			"name": "hexadecagon",
			"from": [4.3, 6.35082, -0.25],
			"to": [7.1, 6.64918, 1.25],
			"rotation": {"angle": -45, "axis": "x", "origin": [6.4, 6.5, 0.5]},
			"faces": {
				"north": {"uv": [0, 0, 2.8, 0.29837], "texture": "#1"},
				"east": {"uv": [0, 0, 1.5, 0.29837], "texture": "#1"},
				"south": {"uv": [0, 0, 2.8, 0.29837], "texture": "#1"},
				"west": {"uv": [0, 0, 1.5, 0.29837], "texture": "#1"},
				"up": {"uv": [0, 0, 2.8, 1.5], "texture": "#1"},
				"down": {"uv": [0, 0, 2.8, 1.5], "texture": "#1"}
			}
		},
		{
			"name": "hexadecagon",
			"from": [4.3, 6.35082, -0.25],
			"to": [7.1, 6.64918, 1.25],
			"rotation": {"angle": -22.5, "axis": "x", "origin": [6.4, 6.5, 0.5]},
			"faces": {
				"north": {"uv": [0, 0, 2.8, 0.29837], "texture": "#1"},
				"east": {"uv": [0, 0, 1.5, 0.29837], "texture": "#1"},
				"south": {"uv": [0, 0, 2.8, 0.29837], "texture": "#1"},
				"west": {"uv": [0, 0, 1.5, 0.29837], "texture": "#1"},
				"up": {"uv": [0, 0, 2.8, 1.5], "texture": "#1"},
				"down": {"uv": [0, 0, 2.8, 1.5], "texture": "#1"}
			}
		},
		{
			"name": "hexadecagon",
			"from": [4.3, 6.35082, -0.25],
			"to": [7.1, 6.64918, 1.25],
			"rotation": {"angle": 0, "axis": "x", "origin": [6.4, 6.5, 0.5]},
			"faces": {
				"north": {"uv": [0, 0, 2.8, 0.29837], "texture": "#1"},
				"east": {"uv": [0, 0, 1.5, 0.29837], "texture": "#1"},
				"south": {"uv": [0, 0, 2.8, 0.29837], "texture": "#1"},
				"west": {"uv": [0, 0, 1.5, 0.29837], "texture": "#1"},
				"up": {"uv": [0, 0, 2.8, 1.5], "texture": "#1"},
				"down": {"uv": [0, 0, 2.8, 1.5], "texture": "#1"}
			}
		},
		{
			"name": "hexadecagon",
			"from": [4.3, 6.35082, -0.25],
			"to": [7.1, 6.64918, 1.25],
			"rotation": {"angle": 22.5, "axis": "x", "origin": [6.4, 6.5, 0.5]},
			"faces": {
				"north": {"uv": [0, 0, 2.8, 0.29837], "texture": "#1"},
				"east": {"uv": [0, 0, 1.5, 0.29837], "texture": "#1"},
				"south": {"uv": [0, 0, 2.8, 0.29837], "texture": "#1"},
				"west": {"uv": [0, 0, 1.5, 0.29837], "texture": "#1"},
				"up": {"uv": [0, 0, 2.8, 1.5], "texture": "#1"},
				"down": {"uv": [0, 0, 2.8, 1.5], "texture": "#1"}
			}
		},
		{
			"name": "hexadecagon",
			"from": [4.3, 6.35082, -0.25],
			"to": [7.1, 6.64918, 1.25],
			"rotation": {"angle": 45, "axis": "x", "origin": [6.4, 6.5, 0.5]},
			"faces": {
				"north": {"uv": [0, 0, 2.8, 0.29837], "texture": "#1"},
				"east": {"uv": [0, 0, 1.5, 0.29837], "texture": "#1"},
				"south": {"uv": [0, 0, 2.8, 0.29837], "texture": "#1"},
				"west": {"uv": [0, 0, 1.5, 0.29837], "texture": "#1"},
				"up": {"uv": [0, 0, 2.8, 1.5], "texture": "#1"},
				"down": {"uv": [0, 0, 2.8, 1.5], "texture": "#1"}
			}
		},
		{
			"name": "hexadecagon",
			"from": [4.3, 5.75, 0.35082],
			"to": [7.1, 7.25, 0.64918],
			"rotation": {"angle": -22.5, "axis": "x", "origin": [6.4, 6.5, 0.5]},
			"faces": {
				"north": {"uv": [0, 0, 2.8, 1.5], "texture": "#1"},
				"east": {"uv": [0, 0, 0.29837, 1.5], "texture": "#1"},
				"south": {"uv": [0, 0, 2.8, 1.5], "texture": "#1"},
				"west": {"uv": [0, 0, 0.29837, 1.5], "texture": "#1"},
				"up": {"uv": [0, 0, 2.8, 0.29837], "texture": "#1"},
				"down": {"uv": [0, 0, 2.8, 0.29837], "texture": "#1"}
			}
		},
		{
			"name": "hexadecagon",
			"from": [4.3, 5.75, 0.35082],
			"to": [7.1, 7.05, 0.64918],
			"rotation": {"angle": 0, "axis": "x", "origin": [6.4, 6.5, 0.5]},
			"faces": {
				"north": {"uv": [0, 0, 2.8, 1.3], "texture": "#1"},
				"east": {"uv": [0, 0, 0.29837, 1.3], "texture": "#1"},
				"south": {"uv": [0, 0, 2.8, 1.3], "texture": "#1"},
				"west": {"uv": [0, 0, 0.29837, 1.3], "texture": "#1"},
				"up": {"uv": [0, 0, 2.8, 0.29837], "texture": "#1"},
				"down": {"uv": [0, 0, 2.8, 0.29837], "texture": "#1"}
			}
		},
		{
			"name": "hexadecagon",
			"from": [4.3, 5.75, 0.35082],
			"to": [7.1, 7.25, 0.64918],
			"rotation": {"angle": 22.5, "axis": "x", "origin": [6.4, 6.5, 0.5]},
			"faces": {
				"north": {"uv": [0, 0, 2.8, 1.5], "texture": "#1"},
				"east": {"uv": [0, 0, 0.29837, 1.5], "texture": "#1"},
				"south": {"uv": [0, 0, 2.8, 1.5], "texture": "#1"},
				"west": {"uv": [0, 0, 0.29837, 1.5], "texture": "#1"},
				"up": {"uv": [0, 0, 2.8, 0.29837], "texture": "#1"},
				"down": {"uv": [0, 0, 2.8, 0.29837], "texture": "#1"}
			}
		},
		{
			"name": "hexadecagon",
			"from": [3.45, 6.60054, 0],
			"to": [4.35, 6.79946, 1],
			"rotation": {"angle": -45, "axis": "x", "origin": [3.95, 6.7, 0.5]},
			"faces": {
				"north": {"uv": [0, 0, 0.9, 0.19891], "texture": "#1"},
				"east": {"uv": [0, 0, 1, 0.19891], "texture": "#1"},
				"south": {"uv": [0, 0, 0.9, 0.19891], "texture": "#1"},
				"west": {"uv": [0, 0, 1, 0.19891], "texture": "#1"},
				"up": {"uv": [0, 0, 0.9, 1], "texture": "#1"},
				"down": {"uv": [0, 0, 0.9, 1], "texture": "#1"}
			}
		},
		{
			"name": "hexadecagon",
			"from": [3.45, 6.60054, 0],
			"to": [4.35, 6.79946, 1],
			"rotation": {"angle": -22.5, "axis": "x", "origin": [3.95, 6.7, 0.5]},
			"faces": {
				"north": {"uv": [0, 0, 0.9, 0.19891], "texture": "#1"},
				"east": {"uv": [0, 0, 1, 0.19891], "texture": "#1"},
				"south": {"uv": [0, 0, 0.9, 0.19891], "texture": "#1"},
				"west": {"uv": [0, 0, 1, 0.19891], "texture": "#1"},
				"up": {"uv": [0, 0, 0.9, 1], "texture": "#1"},
				"down": {"uv": [0, 0, 0.9, 1], "texture": "#1"}
			}
		},
		{
			"name": "hexadecagon",
			"from": [3.45, 6.60054, 0],
			"to": [4.35, 6.79946, 1],
			"rotation": {"angle": 0, "axis": "x", "origin": [3.95, 6.7, 0.5]},
			"faces": {
				"north": {"uv": [0, 0, 0.9, 0.19891], "texture": "#1"},
				"east": {"uv": [0, 0, 1, 0.19891], "texture": "#1"},
				"south": {"uv": [0, 0, 0.9, 0.19891], "texture": "#1"},
				"west": {"uv": [0, 0, 1, 0.19891], "texture": "#1"},
				"up": {"uv": [0, 0, 0.9, 1], "texture": "#1"},
				"down": {"uv": [0, 0, 0.9, 1], "texture": "#1"}
			}
		},
		{
			"name": "hexadecagon",
			"from": [3.45, 6.60054, 0],
			"to": [4.35, 6.79946, 1],
			"rotation": {"angle": 22.5, "axis": "x", "origin": [3.95, 6.7, 0.5]},
			"faces": {
				"north": {"uv": [0, 0, 0.9, 0.19891], "texture": "#1"},
				"east": {"uv": [0, 0, 1, 0.19891], "texture": "#1"},
				"south": {"uv": [0, 0, 0.9, 0.19891], "texture": "#1"},
				"west": {"uv": [0, 0, 1, 0.19891], "texture": "#1"},
				"up": {"uv": [0, 0, 0.9, 1], "texture": "#1"},
				"down": {"uv": [0, 0, 0.9, 1], "texture": "#1"}
			}
		},
		{
			"name": "hexadecagon",
			"from": [3.45, 6.60054, 0],
			"to": [4.35, 6.79946, 1],
			"rotation": {"angle": 45, "axis": "x", "origin": [3.95, 6.7, 0.5]},
			"faces": {
				"north": {"uv": [0, 0, 0.9, 0.19891], "texture": "#1"},
				"east": {"uv": [0, 0, 1, 0.19891], "texture": "#1"},
				"south": {"uv": [0, 0, 0.9, 0.19891], "texture": "#1"},
				"west": {"uv": [0, 0, 1, 0.19891], "texture": "#1"},
				"up": {"uv": [0, 0, 0.9, 1], "texture": "#1"},
				"down": {"uv": [0, 0, 0.9, 1], "texture": "#1"}
			}
		},
		{
			"name": "hexadecagon",
			"from": [3.45, 6.2, 0.40054],
			"to": [4.35, 7.2, 0.59946],
			"rotation": {"angle": -22.5, "axis": "x", "origin": [3.95, 6.7, 0.5]},
			"faces": {
				"north": {"uv": [0, 0, 0.9, 1], "texture": "#1"},
				"east": {"uv": [0, 0, 0.19891, 1], "texture": "#1"},
				"south": {"uv": [0, 0, 0.9, 1], "texture": "#1"},
				"west": {"uv": [0, 0, 0.19891, 1], "texture": "#1"},
				"up": {"uv": [0, 0, 0.9, 0.19891], "texture": "#1"},
				"down": {"uv": [0, 0, 0.9, 0.19891], "texture": "#1"}
			}
		},
		{
			"name": "hexadecagon",
			"from": [3.45, 6.2, 0.40054],
			"to": [4.35, 7.2, 0.59946],
			"rotation": {"angle": 0, "axis": "x", "origin": [3.95, 6.7, 0.5]},
			"faces": {
				"north": {"uv": [0, 0, 0.9, 1], "texture": "#1"},
				"east": {"uv": [0, 0, 0.19891, 1], "texture": "#1"},
				"south": {"uv": [0, 0, 0.9, 1], "texture": "#1"},
				"west": {"uv": [0, 0, 0.19891, 1], "texture": "#1"},
				"up": {"uv": [0, 0, 0.9, 0.19891], "texture": "#1"},
				"down": {"uv": [0, 0, 0.9, 0.19891], "texture": "#1"}
			}
		},
		{
			"name": "hexadecagon",
			"from": [3.45, 6.2, 0.40054],
			"to": [4.35, 7.2, 0.59946],
			"rotation": {"angle": 22.5, "axis": "x", "origin": [3.95, 6.7, 0.5]},
			"faces": {
				"north": {"uv": [0, 0, 0.9, 1], "texture": "#1"},
				"east": {"uv": [0, 0, 0.19891, 1], "texture": "#1"},
				"south": {"uv": [0, 0, 0.9, 1], "texture": "#1"},
				"west": {"uv": [0, 0, 0.19891, 1], "texture": "#1"},
				"up": {"uv": [0, 0, 0.9, 0.19891], "texture": "#1"},
				"down": {"uv": [0, 0, 0.9, 0.19891], "texture": "#1"}
			}
		},
		{
			"name": "hexadecagon",
			"from": [2.15, 6.69033, 0.2],
			"to": [3.45, 6.80967, 0.275],
			"rotation": {"angle": -45, "axis": "x", "origin": [3.2, 6.75, 0.5]},
			"faces": {
				"north": {"uv": [0, 0, 1.3, 0.11935], "texture": "#0"},
				"east": {"uv": [0, 0, 0.075, 0.11935], "texture": "#0"},
				"south": {"uv": [0, 0, 1.3, 0.11935], "texture": "#0"},
				"west": {"uv": [0, 0, 0.075, 0.11935], "texture": "#0"},
				"up": {"uv": [0, 0, 1.3, 0.075], "texture": "#0"},
				"down": {"uv": [0, 0, 1.3, 0.075], "texture": "#0"}
			}
		},
		{
			"name": "hexadecagon",
			"from": [2.15, 6.69033, 0.2],
			"to": [3.45, 6.80967, 0.275],
			"rotation": {"angle": -22.5, "axis": "x", "origin": [3.2, 6.75, 0.5]},
			"faces": {
				"north": {"uv": [0, 0, 1.3, 0.11935], "texture": "#0"},
				"east": {"uv": [0, 0, 0.075, 0.11935], "texture": "#0"},
				"south": {"uv": [0, 0, 1.3, 0.11935], "texture": "#0"},
				"west": {"uv": [0, 0, 0.075, 0.11935], "texture": "#0"},
				"up": {"uv": [0, 0, 1.3, 0.075], "texture": "#0"},
				"down": {"uv": [0, 0, 1.3, 0.075], "texture": "#0"}
			}
		},
		{
			"name": "hexadecagon",
			"from": [2.15, 6.69033, 0.2],
			"to": [3.45, 6.80967, 0.275],
			"rotation": {"angle": 0, "axis": "x", "origin": [3.2, 6.75, 0.5]},
			"faces": {
				"north": {"uv": [0, 0, 1.3, 0.11935], "texture": "#0"},
				"east": {"uv": [0, 0, 0.075, 0.11935], "texture": "#0"},
				"south": {"uv": [0, 0, 1.3, 0.11935], "texture": "#0"},
				"west": {"uv": [0, 0, 0.075, 0.11935], "texture": "#0"},
				"up": {"uv": [0, 0, 1.3, 0.075], "texture": "#0"},
				"down": {"uv": [0, 0, 1.3, 0.075], "texture": "#0"}
			}
		},
		{
			"name": "hexadecagon",
			"from": [2.15, 6.69033, 0.2],
			"to": [3.45, 6.80967, 0.275],
			"rotation": {"angle": 22.5, "axis": "x", "origin": [3.2, 6.75, 0.5]},
			"faces": {
				"north": {"uv": [0, 0, 1.3, 0.11935], "texture": "#0"},
				"east": {"uv": [0, 0, 0.075, 0.11935], "texture": "#0"},
				"south": {"uv": [0, 0, 1.3, 0.11935], "texture": "#0"},
				"west": {"uv": [0, 0, 0.075, 0.11935], "texture": "#0"},
				"up": {"uv": [0, 0, 1.3, 0.075], "texture": "#0"},
				"down": {"uv": [0, 0, 1.3, 0.075], "texture": "#0"}
			}
		},
		{
			"name": "hexadecagon",
			"from": [2.15, 6.69033, 0.2],
			"to": [3.45, 6.80967, 0.275],
			"rotation": {"angle": 45, "axis": "x", "origin": [3.2, 6.75, 0.5]},
			"faces": {
				"north": {"uv": [0, 0, 1.3, 0.11935], "texture": "#0"},
				"east": {"uv": [0, 0, 0.075, 0.11935], "texture": "#0"},
				"south": {"uv": [0, 0, 1.3, 0.11935], "texture": "#0"},
				"west": {"uv": [0, 0, 0.075, 0.11935], "texture": "#0"},
				"up": {"uv": [0, 0, 1.3, 0.075], "texture": "#0"},
				"down": {"uv": [0, 0, 1.3, 0.075], "texture": "#0"}
			}
		},
		{
			"name": "hexadecagon",
			"from": [2.15, 6.69033, 0.725],
			"to": [3.45, 6.80967, 0.8],
			"rotation": {"angle": -45, "axis": "x", "origin": [3.2, 6.75, 0.5]},
			"faces": {
				"north": {"uv": [0, 0, 1.3, 0.11935], "texture": "#0"},
				"east": {"uv": [0, 0, 0.075, 0.11935], "texture": "#0"},
				"south": {"uv": [0, 0, 1.3, 0.11935], "texture": "#0"},
				"west": {"uv": [0, 0, 0.075, 0.11935], "texture": "#0"},
				"up": {"uv": [0, 0, 1.3, 0.075], "texture": "#0"},
				"down": {"uv": [0, 0, 1.3, 0.075], "texture": "#0"}
			}
		},
		{
			"name": "hexadecagon",
			"from": [2.15, 6.69033, 0.725],
			"to": [3.45, 6.80967, 0.8],
			"rotation": {"angle": -22.5, "axis": "x", "origin": [3.2, 6.75, 0.5]},
			"faces": {
				"north": {"uv": [0, 0, 1.3, 0.11935], "texture": "#0"},
				"east": {"uv": [0, 0, 0.075, 0.11935], "texture": "#0"},
				"south": {"uv": [0, 0, 1.3, 0.11935], "texture": "#0"},
				"west": {"uv": [0, 0, 0.075, 0.11935], "texture": "#0"},
				"up": {"uv": [0, 0, 1.3, 0.075], "texture": "#0"},
				"down": {"uv": [0, 0, 1.3, 0.075], "texture": "#0"}
			}
		},
		{
			"name": "hexadecagon",
			"from": [2.15, 6.69033, 0.725],
			"to": [3.45, 6.80967, 0.8],
			"rotation": {"angle": 0, "axis": "x", "origin": [3.2, 6.75, 0.5]},
			"faces": {
				"north": {"uv": [0, 0, 1.3, 0.11935], "texture": "#0"},
				"east": {"uv": [0, 0, 0.075, 0.11935], "texture": "#0"},
				"south": {"uv": [0, 0, 1.3, 0.11935], "texture": "#0"},
				"west": {"uv": [0, 0, 0.075, 0.11935], "texture": "#0"},
				"up": {"uv": [0, 0, 1.3, 0.075], "texture": "#0"},
				"down": {"uv": [0, 0, 1.3, 0.075], "texture": "#0"}
			}
		},
		{
			"name": "hexadecagon",
			"from": [2.15, 6.69033, 0.725],
			"to": [3.45, 6.80967, 0.8],
			"rotation": {"angle": 22.5, "axis": "x", "origin": [3.2, 6.75, 0.5]},
			"faces": {
				"north": {"uv": [0, 0, 1.3, 0.11935], "texture": "#0"},
				"east": {"uv": [0, 0, 0.075, 0.11935], "texture": "#0"},
				"south": {"uv": [0, 0, 1.3, 0.11935], "texture": "#0"},
				"west": {"uv": [0, 0, 0.075, 0.11935], "texture": "#0"},
				"up": {"uv": [0, 0, 1.3, 0.075], "texture": "#0"},
				"down": {"uv": [0, 0, 1.3, 0.075], "texture": "#0"}
			}
		},
		{
			"name": "hexadecagon",
			"from": [2.15, 6.69033, 0.725],
			"to": [3.45, 6.80967, 0.8],
			"rotation": {"angle": 45, "axis": "x", "origin": [3.2, 6.75, 0.5]},
			"faces": {
				"north": {"uv": [0, 0, 1.3, 0.11935], "texture": "#0"},
				"east": {"uv": [0, 0, 0.075, 0.11935], "texture": "#0"},
				"south": {"uv": [0, 0, 1.3, 0.11935], "texture": "#0"},
				"west": {"uv": [0, 0, 0.075, 0.11935], "texture": "#0"},
				"up": {"uv": [0, 0, 1.3, 0.075], "texture": "#0"},
				"down": {"uv": [0, 0, 1.3, 0.075], "texture": "#0"}
			}
		},
		{
			"name": "hexadecagon",
			"from": [2.15, 6.45, 0.44033],
			"to": [3.45, 6.525, 0.55967],
			"rotation": {"angle": -22.5, "axis": "x", "origin": [3.2, 6.75, 0.5]},
			"faces": {
				"north": {"uv": [0, 0, 1.3, 0.075], "texture": "#0"},
				"east": {"uv": [0, 0, 0.11935, 0.075], "texture": "#0"},
				"south": {"uv": [0, 0, 1.3, 0.075], "texture": "#0"},
				"west": {"uv": [0, 0, 0.11935, 0.075], "texture": "#0"},
				"up": {"uv": [0, 0, 1.3, 0.11935], "texture": "#0"},
				"down": {"uv": [0, 0, 1.3, 0.11935], "texture": "#0"}
			}
		},
		{
			"name": "hexadecagon",
			"from": [2.15, 6.45, 0.44033],
			"to": [3.45, 6.525, 0.55967],
			"rotation": {"angle": 0, "axis": "x", "origin": [3.2, 6.75, 0.5]},
			"faces": {
				"north": {"uv": [0, 0, 1.3, 0.075], "texture": "#0"},
				"east": {"uv": [0, 0, 0.11935, 0.075], "texture": "#0"},
				"south": {"uv": [0, 0, 1.3, 0.075], "texture": "#0"},
				"west": {"uv": [0, 0, 0.11935, 0.075], "texture": "#0"},
				"up": {"uv": [0, 0, 1.3, 0.11935], "texture": "#0"},
				"down": {"uv": [0, 0, 1.3, 0.11935], "texture": "#0"}
			}
		},
		{
			"name": "hexadecagon",
			"from": [2.15, 6.45, 0.44033],
			"to": [3.45, 6.525, 0.55967],
			"rotation": {"angle": 22.5, "axis": "x", "origin": [3.2, 6.75, 0.5]},
			"faces": {
				"north": {"uv": [0, 0, 1.3, 0.075], "texture": "#0"},
				"east": {"uv": [0, 0, 0.11935, 0.075], "texture": "#0"},
				"south": {"uv": [0, 0, 1.3, 0.075], "texture": "#0"},
				"west": {"uv": [0, 0, 0.11935, 0.075], "texture": "#0"},
				"up": {"uv": [0, 0, 1.3, 0.11935], "texture": "#0"},
				"down": {"uv": [0, 0, 1.3, 0.11935], "texture": "#0"}
			}
		},
		{
			"name": "hexadecagon",
			"from": [2.15, 6.975, 0.44033],
			"to": [3.45, 7.05, 0.55967],
			"rotation": {"angle": -22.5, "axis": "x", "origin": [3.2, 6.75, 0.5]},
			"faces": {
				"north": {"uv": [0, 0, 1.3, 0.075], "texture": "#0"},
				"east": {"uv": [0, 0, 0.11935, 0.075], "texture": "#0"},
				"south": {"uv": [0, 0, 1.3, 0.075], "texture": "#0"},
				"west": {"uv": [0, 0, 0.11935, 0.075], "texture": "#0"},
				"up": {"uv": [0, 0, 1.3, 0.11935], "texture": "#0"},
				"down": {"uv": [0, 0, 1.3, 0.11935], "texture": "#0"}
			}
		},
		{
			"name": "hexadecagon",
			"from": [2.15, 6.975, 0.44033],
			"to": [3.45, 7.05, 0.55967],
			"rotation": {"angle": 0, "axis": "x", "origin": [3.2, 6.75, 0.5]},
			"faces": {
				"north": {"uv": [0, 0, 1.3, 0.075], "texture": "#0"},
				"east": {"uv": [0, 0, 0.11935, 0.075], "texture": "#0"},
				"south": {"uv": [0, 0, 1.3, 0.075], "texture": "#0"},
				"west": {"uv": [0, 0, 0.11935, 0.075], "texture": "#0"},
				"up": {"uv": [0, 0, 1.3, 0.11935], "texture": "#0"},
				"down": {"uv": [0, 0, 1.3, 0.11935], "texture": "#0"}
			}
		},
		{
			"name": "hexadecagon",
			"from": [2.15, 6.975, 0.44033],
			"to": [3.45, 7.05, 0.55967],
			"rotation": {"angle": 22.5, "axis": "x", "origin": [3.2, 6.75, 0.5]},
			"faces": {
				"north": {"uv": [0, 0, 1.3, 0.075], "texture": "#0"},
				"east": {"uv": [0, 0, 0.11935, 0.075], "texture": "#0"},
				"south": {"uv": [0, 0, 1.3, 0.075], "texture": "#0"},
				"west": {"uv": [0, 0, 0.11935, 0.075], "texture": "#0"},
				"up": {"uv": [0, 0, 1.3, 0.11935], "texture": "#0"},
				"down": {"uv": [0, 0, 1.3, 0.11935], "texture": "#0"}
			}
		},
		{
			"from": [9.4, 2.8, 0.1],
			"to": [10.015, 3.4, 0.9],
			"faces": {
				"north": {"uv": [0, 0, 0.615, 0.6], "texture": "#1"},
				"east": {"uv": [0, 0, 0.8, 0.6], "texture": "#1"},
				"south": {"uv": [0, 0, 0.615, 0.6], "texture": "#1"},
				"west": {"uv": [0, 0, 0.8, 0.6], "texture": "#1"},
				"up": {"uv": [0, 0, 0.615, 0.8], "texture": "#1"},
				"down": {"uv": [0, 0, 0.615, 0.8], "texture": "#1"}
			}
		},
		{
			"from": [10.80607, 5.9682, 0],
			"to": [11.65107, 6.3982, 1],
			"rotation": {"angle": 45, "axis": "z", "origin": [11.10607, 6.1182, 0.5]},
			"faces": {
				"north": {"uv": [0, 0, 0.845, 0.43], "texture": "#0"},
				"east": {"uv": [0, 0, 1, 0.43], "texture": "#0"},
				"south": {"uv": [0, 0, 0.845, 0.43], "texture": "#0"},
				"west": {"uv": [0, 0, 1, 0.43], "texture": "#0"},
				"up": {"uv": [0, 0, 0.845, 1], "texture": "#0"},
				"down": {"uv": [0, 0, 0.845, 1], "texture": "#0"}
			}
		},
		{
			"from": [13.4, 6.8, 0.3],
			"to": [13.9, 7.3, 0.7],
			"faces": {
				"north": {"uv": [0, 0, 0.5, 0.5], "texture": "#0"},
				"east": {"uv": [0, 0, 0.4, 0.5], "texture": "#0"},
				"south": {"uv": [0, 0, 0.5, 0.5], "texture": "#0"},
				"west": {"uv": [0, 0, 0.4, 0.5], "texture": "#0"},
				"up": {"uv": [0, 0, 0.5, 0.4], "texture": "#0"},
				"down": {"uv": [0, 0, 0.5, 0.4], "texture": "#0"}
			}
		},
		{
			"from": [13.9, 6.9, 0.4],
			"to": [15.2, 7.2, 0.6],
			"faces": {
				"north": {"uv": [0, 0, 1.3, 0.3], "texture": "#1"},
				"east": {"uv": [0, 0, 0.2, 0.3], "texture": "#1"},
				"south": {"uv": [0, 0, 1.3, 0.3], "texture": "#1"},
				"west": {"uv": [0, 0, 0.2, 0.3], "texture": "#1"},
				"up": {"uv": [0, 0, 1.3, 0.2], "texture": "#1"},
				"down": {"uv": [0, 0, 1.3, 0.2], "texture": "#1"}
			}
		},
		{
			"from": [15.09312, 6.66267, 0.4],
			"to": [17.09312, 6.96267, 0.6],
			"rotation": {"angle": -22.5, "axis": "z", "origin": [15.74312, 6.81267, 0.5]},
			"faces": {
				"north": {"uv": [0, 0, 2, 0.3], "texture": "#1"},
				"east": {"uv": [0, 0, 0.2, 0.3], "texture": "#1"},
				"south": {"uv": [0, 0, 2, 0.3], "texture": "#1"},
				"west": {"uv": [0, 0, 0.2, 0.3], "texture": "#1"},
				"up": {"uv": [0, 0, 2, 0.2], "texture": "#1"},
				"down": {"uv": [0, 0, 2, 0.2], "texture": "#1"}
			}
		},
		{
			"from": [16.93295, 6.15747, 0.4],
			"to": [18.23295, 6.45747, 0.6],
			"rotation": {"angle": 0, "axis": "z", "origin": [17.58295, 6.30747, 0.5]},
			"faces": {
				"north": {"uv": [0, 0, 1.3, 0.3], "texture": "#1"},
				"east": {"uv": [0, 0, 0.2, 0.3], "texture": "#1"},
				"south": {"uv": [0, 0, 1.3, 0.3], "texture": "#1"},
				"west": {"uv": [0, 0, 0.2, 0.3], "texture": "#1"},
				"up": {"uv": [0, 0, 1.3, 0.2], "texture": "#1"},
				"down": {"uv": [0, 0, 1.3, 0.2], "texture": "#1"}
			}
		},
		{
			"from": [18.12607, 5.92014, 0.4],
			"to": [19.82607, 6.22014, 0.6],
			"rotation": {"angle": -22.5, "axis": "z", "origin": [18.77607, 6.07014, 0.5]},
			"faces": {
				"north": {"uv": [0, 0, 1.7, 0.3], "texture": "#1"},
				"east": {"uv": [0, 0, 0.2, 0.3], "texture": "#1"},
				"south": {"uv": [0, 0, 1.7, 0.3], "texture": "#1"},
				"west": {"uv": [0, 0, 0.2, 0.3], "texture": "#1"},
				"up": {"uv": [0, 0, 1.7, 0.2], "texture": "#1"},
				"down": {"uv": [0, 0, 1.7, 0.2], "texture": "#1"}
			}
		},
		{
			"from": [19.7571, 3.45335, 0.35],
			"to": [20.1571, 5.55335, 0.65],
			"rotation": {"angle": 0, "axis": "z", "origin": [19.8071, 6.90335, 0.45]},
			"faces": {
				"north": {"uv": [0, 0, 2.1, 0.4], "texture": "#0", "rotation": 270},
				"east": {"uv": [0, 0, 2.1, 0.3], "texture": "#0", "rotation": 90},
				"south": {"uv": [0, 0, 2.1, 0.4], "texture": "#0", "rotation": 90},
				"west": {"uv": [0, 0, 2.1, 0.3], "texture": "#0", "rotation": 90},
				"up": {"uv": [0, 0, 0.3, 0.4], "texture": "#0", "rotation": 90},
				"down": {"uv": [0, 0, 0.3, 0.4], "texture": "#0", "rotation": 90}
			}
		},
		{
			"from": [20.43137, 5.12259, 0.4],
			"to": [20.93137, 5.42259, 0.6],
			"rotation": {"angle": -45, "axis": "z", "origin": [20.58137, 6.37259, 0.5]},
			"faces": {
				"north": {"uv": [0, 0, 0.3, 0.5], "texture": "#1", "rotation": 270},
				"east": {"uv": [0, 0, 0.3, 0.2], "texture": "#1", "rotation": 90},
				"south": {"uv": [0, 0, 0.3, 0.5], "texture": "#1", "rotation": 90},
				"west": {"uv": [0, 0, 0.3, 0.2], "texture": "#1", "rotation": 90},
				"up": {"uv": [0, 0, 0.2, 0.5], "texture": "#1", "rotation": 90},
				"down": {"uv": [0, 0, 0.2, 0.5], "texture": "#1", "rotation": 90}
			}
		},
		{
			"name": "hexadecagon",
			"from": [13.24033, 6.7, 0.2],
			"to": [13.35967, 7.6, 0.8],
			"rotation": {"angle": -45, "axis": "y", "origin": [13.3, 7.15, 0.5]},
			"faces": {
				"north": {"uv": [0, 0, 0.11935, 0.9], "texture": "#0"},
				"east": {"uv": [0, 0, 0.6, 0.9], "texture": "#0"},
				"south": {"uv": [0, 0, 0.11935, 0.9], "texture": "#0"},
				"west": {"uv": [0, 0, 0.6, 0.9], "texture": "#0"},
				"up": {"uv": [0, 0, 0.11935, 0.6], "texture": "#0"},
				"down": {"uv": [0, 0, 0.11935, 0.6], "texture": "#0"}
			}
		},
		{
			"name": "hexadecagon",
			"from": [13.24033, 6.7, 0.2],
			"to": [13.35967, 7.6, 0.8],
			"rotation": {"angle": -22.5, "axis": "y", "origin": [13.3, 7.15, 0.5]},
			"faces": {
				"north": {"uv": [0, 0, 0.11935, 0.9], "texture": "#0"},
				"east": {"uv": [0, 0, 0.6, 0.9], "texture": "#0"},
				"south": {"uv": [0, 0, 0.11935, 0.9], "texture": "#0"},
				"west": {"uv": [0, 0, 0.6, 0.9], "texture": "#0"},
				"up": {"uv": [0, 0, 0.11935, 0.6], "texture": "#0"},
				"down": {"uv": [0, 0, 0.11935, 0.6], "texture": "#0"}
			}
		},
		{
			"name": "hexadecagon",
			"from": [13.24033, 6.7, 0.2],
			"to": [13.35967, 7.6, 0.8],
			"rotation": {"angle": 0, "axis": "y", "origin": [13.3, 7.15, 0.5]},
			"faces": {
				"north": {"uv": [0, 0, 0.11935, 0.9], "texture": "#0"},
				"east": {"uv": [0, 0, 0.6, 0.9], "texture": "#0"},
				"south": {"uv": [0, 0, 0.11935, 0.9], "texture": "#0"},
				"west": {"uv": [0, 0, 0.6, 0.9], "texture": "#0"},
				"up": {"uv": [0, 0, 0.11935, 0.6], "texture": "#0"},
				"down": {"uv": [0, 0, 0.11935, 0.6], "texture": "#0"}
			}
		},
		{
			"name": "hexadecagon",
			"from": [13.24033, 6.7, 0.2],
			"to": [13.35967, 7.6, 0.8],
			"rotation": {"angle": 22.5, "axis": "y", "origin": [13.3, 7.15, 0.5]},
			"faces": {
				"north": {"uv": [0, 0, 0.11935, 0.9], "texture": "#0"},
				"east": {"uv": [0, 0, 0.6, 0.9], "texture": "#0"},
				"south": {"uv": [0, 0, 0.11935, 0.9], "texture": "#0"},
				"west": {"uv": [0, 0, 0.6, 0.9], "texture": "#0"},
				"up": {"uv": [0, 0, 0.11935, 0.6], "texture": "#0"},
				"down": {"uv": [0, 0, 0.11935, 0.6], "texture": "#0"}
			}
		},
		{
			"name": "hexadecagon",
			"from": [13.24033, 6.7, 0.2],
			"to": [13.35967, 7.6, 0.8],
			"rotation": {"angle": 45, "axis": "y", "origin": [13.3, 7.15, 0.5]},
			"faces": {
				"north": {"uv": [0, 0, 0.11935, 0.9], "texture": "#0"},
				"east": {"uv": [0, 0, 0.6, 0.9], "texture": "#0"},
				"south": {"uv": [0, 0, 0.11935, 0.9], "texture": "#0"},
				"west": {"uv": [0, 0, 0.6, 0.9], "texture": "#0"},
				"up": {"uv": [0, 0, 0.11935, 0.6], "texture": "#0"},
				"down": {"uv": [0, 0, 0.11935, 0.6], "texture": "#0"}
			}
		},
		{
			"name": "hexadecagon",
			"from": [13, 6.7, 0.44033],
			"to": [13.6, 7.6, 0.55967],
			"rotation": {"angle": -22.5, "axis": "y", "origin": [13.3, 7.15, 0.5]},
			"faces": {
				"north": {"uv": [0, 0, 0.6, 0.9], "texture": "#0"},
				"east": {"uv": [0, 0, 0.11935, 0.9], "texture": "#0"},
				"south": {"uv": [0, 0, 0.6, 0.9], "texture": "#0"},
				"west": {"uv": [0, 0, 0.11935, 0.9], "texture": "#0"},
				"up": {"uv": [0, 0, 0.6, 0.11935], "texture": "#0"},
				"down": {"uv": [0, 0, 0.6, 0.11935], "texture": "#0"}
			}
		},
		{
			"name": "hexadecagon",
			"from": [13, 6.7, 0.44033],
			"to": [13.6, 7.6, 0.55967],
			"rotation": {"angle": 0, "axis": "y", "origin": [13.3, 7.15, 0.5]},
			"faces": {
				"north": {"uv": [0, 0, 0.6, 0.9], "texture": "#0"},
				"east": {"uv": [0, 0, 0.11935, 0.9], "texture": "#0"},
				"south": {"uv": [0, 0, 0.6, 0.9], "texture": "#0"},
				"west": {"uv": [0, 0, 0.11935, 0.9], "texture": "#0"},
				"up": {"uv": [0, 0, 0.6, 0.11935], "texture": "#0"},
				"down": {"uv": [0, 0, 0.6, 0.11935], "texture": "#0"}
			}
		},
		{
			"name": "hexadecagon",
			"from": [13, 6.7, 0.44033],
			"to": [13.6, 7.6, 0.55967],
			"rotation": {"angle": 22.5, "axis": "y", "origin": [13.3, 7.15, 0.5]},
			"faces": {
				"north": {"uv": [0, 0, 0.6, 0.9], "texture": "#0"},
				"east": {"uv": [0, 0, 0.11935, 0.9], "texture": "#0"},
				"south": {"uv": [0, 0, 0.6, 0.9], "texture": "#0"},
				"west": {"uv": [0, 0, 0.11935, 0.9], "texture": "#0"},
				"up": {"uv": [0, 0, 0.6, 0.11935], "texture": "#0"},
				"down": {"uv": [0, 0, 0.6, 0.11935], "texture": "#0"}
			}
		}
	],
	"groups": [
		{
			"name": "",
			"isOpen": true,
			"shade": true,
			"display": {
				"visibility": true,
				"autouv": true
			},
			"children": [
				{
					"name": "",
					"isOpen": true,
					"shade": true,
					"display": {
						"visibility": true,
						"autouv": true
					},
					"children": [0, 1, 2,
						{
							"name": "group",
							"isOpen": true,
							"shade": true,
							"display": {
								"visibility": true,
								"autouv": true
							},
							"children": []
						}, 3, 4, 5, 6, 7, 8, 9, 10, 11, 12, 13, 14, 15, 16, 17, 18, 19, 20, 21, 22, 23, 24, 25, 26, 27, 28, 29, 30, 31, 32, 33, 34, 35, 36, 37, 38, 39, 40, 41, 42, 43, 44, 45, 46, 47, 48, 49, 50,
						{
							"name": "hexadecagon",
							"isOpen": true,
							"shade": true,
							"display": {
								"visibility": true,
								"autouv": true
							},
							"children": [51, 52, 53, 54, 55, 56, 57, 58, 59, 60, 61, 62, 63, 64, 65, 66]
						},
						{
							"name": "hexadecagon",
							"isOpen": true,
							"shade": true,
							"display": {
								"visibility": true,
								"autouv": true
							},
							"children": [67, 68, 69, 70, 71, 72, 73, 74, 75, 76, 77, 78, 79, 80, 81, 82]
						}, 83, 84, 85, 86, 87,
						{
							"name": "group",
							"isOpen": true,
							"shade": true,
							"display": {
								"visibility": true,
								"autouv": true
							},
							"children": [88, 89, 90]
						}, 91, 92, 93, 94, 95, 96,
						{
							"name": "hexadecagon",
							"isOpen": true,
							"shade": true,
							"display": {
								"visibility": true,
								"autouv": true
							},
							"children": [97, 98, 99, 100, 101, 102, 103, 104]
						},
						{
							"name": "hexadecagon",
							"isOpen": true,
							"shade": true,
							"display": {
								"visibility": true,
								"autouv": true
							},
							"children": [105, 106, 107, 108, 109, 110, 111, 112]
						},
						{
							"name": "hexadecagon",
							"isOpen": true,
							"shade": true,
							"display": {
								"visibility": true,
								"autouv": true
							},
							"children": [113, 114, 115, 116, 117, 118, 119, 120, 121, 122, 123, 124, 125, 126, 127, 128]
						}, 129, 130, 131, 132, 133, 134, 135, 136, 137]
				},
				{
					"name": "hexadecagon",
					"isOpen": true,
					"shade": true,
					"display": {
						"visibility": true,
						"autouv": true
					},
					"children": [138, 139, 140, 141, 142, 143, 144, 145]
				}
			]
		}
	],
	
"display": {
    "thirdperson_righthand": {
        "rotation": [ 0, -90, 0 ],
        "translation": [ -7, 2.5, 0 ],
        "scale": [ 0.9, 0.9, 0.9 ]
    },
    "thirdperson_lefthand": {
        "rotation": [ 0, 90, 0 ],
        "translation": [ 6.5, 2.5, 0 ],
        "scale": [ 0.9, 0.9, 0.9 ]
    },
    "head": {
        "rotation": [ 0, 0, 0 ],
        "translation": [ 0, 0, 0 ],
        "scale": [ 0, 0, 0 ]
    },
    "ground": {
        "rotation": [ 90, 0, 0 ],
        "translation": [ 0, -6, 1 ],
        "scale": [ 0.8, 0.8, 0.8 ]
    },
    "fixed": {
        "rotation": [ 0, 180, 0 ],
        "translation": [ 3, 3, -11 ],
        "scale": [ 1.2, 1.2, 1.2 ]
    },
    "firstperson_righthand": {
        "rotation": [ 0, -90, 0 ],
        "translation": [ -8, 3, -4 ],
        "scale": [ 1.3, 1.3, 1.3 ]
    },
    "firstperson_lefthand": {
        "rotation": [ 0, 90, 0 ],
        "translation": [ 11.5, 3, -4 ],
        "scale": [ 1.3, 1.3, 1.3 ]
    },
    "gui": {
        "rotation": [ 0, -35, -30 ],
        "translation": [ -5, 3, 0 ],
        "scale": [ 1, 1, 1 ]
    }
}
}