{
    "type": "chest",
    "pools": [
        {
            "rolls": 1,
            "entries": [
                {
                    "type": "item",
                    "weight": 35,
                    "quality": 1,
                    "name": "minecraft:stone_sword",
                    "functions": [
                        { "function": "set_count", "count": 1 },
                        { "function": "set_name", "name": [{ "text": "Sword", "color": "gray" }] },
                        { "function": "set_lore", "lore": [{ "text": "Common", "color": "yellow", "italic": false }] }
                    ]
                },
                {
                    "type": "item",
                    "weight": 30,
                    "quality": 2,
                    "name": "minecraft:iron_sword",
                    "functions": [
                        { "function": "set_count", "count": 1 },
                        { "function": "set_name", "name": [{ "text": "Sword", "color": "green" }] },
                        { "function": "set_lore", "lore": [{ "text": "Uncommon", "color": "yellow", "italic": false }] }
                    ]
                },
                {
                    "type": "item",
                    "weight": 20,
                    "quality": 3,
                    "name": "minecraft:diamond_sword",
                    "functions": [
                        { "function": "set_count", "count": 1 },
                        { "function": "set_name", "name": [{ "text": "Sword", "color": "blue" }] },
                        { "function": "set_lore", "lore": [{ "text": "Rare", "color": "yellow", "italic": false }] }
                    ]
                },
                {
                    "type": "item",
                    "weight": 10,
                    "quality": 4,
                    "name": "minecraft:netherite_sword",
                    "functions": [
                        { "function": "set_count", "count": 1 },
                        { "function": "set_name", "name": [{ "text": "Sword", "color": "dark_purple" }] },
                        { "function": "set_lore", "lore": [{ "text": "Epic", "color": "yellow", "italic": false }] }
                    ]
                },
                {
                    "type": "item",
                    "weight": 5,
                    "quality": 5,
                    "name": "minecraft:netherite_sword",
                    "functions": [
                        { "function": "set_count", "count": 1 },
                        { "function": "set_nbt", "tag": "{Enchantments:[{id:\"minecraft:sharpness\",lvl:3s},{id:\"minecraft:unbreaking\",lvl:2s}]}" },
                        { "function": "set_name", "name": [{ "text": "Sword", "color": "gold" }] },
                        { "function": "set_lore", "lore": [{ "text": "Legendary", "color": "yellow", "italic": false }] }
                    ]
                }
            ]
        },
        {
            "rolls": 1,
            "entries": [
                {
                    "type": "item",
                    "weight": 40,
                    "quality": 1,
                    "name": "minecraft:iron_axe",
                    "functions": [
                        { "function": "set_count", "count": 1 },
                        { "function": "set_name", "name": [{ "text": "Axe", "color": "gray" }] },
                        { "function": "set_nbt", "tag": "{Enchantments:[{id:sharpness,lvl:1s}]}"},
                        { "function": "set_lore", "lore": [{ "text": "Common", "color": "yellow", "italic": false }] }
                    ]
                },
                {
                    "type": "item",
                    "weight": 30,
                    "quality": 2,
                    "name": "minecraft:iron_axe",
                    "functions": [
                        { "function": "set_count", "count": 1 },
                        { "function": "set_name", "name": [{ "text": "Axe", "color": "green" }] },
                        { "function": "set_nbt", "tag": "{Enchantments:[{id:sharpness,lvl:2s}]}"},
                        { "function": "set_lore", "lore": [{ "text": "Uncommon", "color": "yellow", "italic": false }] }
                    ]
                },
                {
                    "type": "item",
                    "weight": 20,
                    "quality": 3,
                    "name": "minecraft:diamond_axe",
                    "functions": [
                        { "function": "set_count", "count": 1 },
                        { "function": "set_name", "name": [{ "text": "Axe", "color": "blue" }] },
                        { "function": "set_nbt", "tag": "{Enchantments:[{id:sharpness,lvl:3s}]}"},
                        { "function": "set_lore", "lore": [{ "text": "Rare", "color": "yellow", "italic": false }] }
                    ]
                },
                {
                    "type": "item",
                    "weight": 10,
                    "quality": 4,
                    "name": "minecraft:diamond_axe",
                    "functions": [
                        { "function": "set_count", "count": 1 },
                        { "function": "set_name", "name": [{ "text": "Axe", "color": "dark_purple" }] },
                        { "function": "set_nbt", "tag": "{Enchantments:[{id:sharpness,lvl:4s}]}"},
                        { "function": "set_lore", "lore": [{ "text": "Epic", "color": "yellow", "italic": false }] }
                    ]
                },
                {
                    "type": "item",
                    "weight": 5,
                    "quality": 5,
                    "name": "minecraft:netherite_axe",
                    "functions": [
                        { "function": "set_count", "count": 1 },
                        { "function": "set_name", "name": [{ "text": "Axe", "color": "gold" }] },
                        { "function": "set_nbt", "tag": "{Enchantments:[{id:sharpness,lvl:5s}]}"},
                        { "function": "set_lore", "lore": [{ "text": "Legendary", "color": "yellow", "italic": false }] }
                    ]
                }
            ]
        },
        {
            "rolls": {"min":0,"max":1},
            "entries": [
                {
                    "type": "item",
                    "weight": 40,
                    "quality": 1,
                    "name": "minecraft:crossbow",
                    "functions": [
                        { "function": "set_count", "count": 1 },
                        { "function": "set_name", "name": [{ "text": "Crossbow", "color": "gray" }] },
                        { "function": "set_lore", "lore": [{ "text": "Common", "color": "yellow", "italic": false }] }
                    ]
                },
                {
                    "type": "item",
                    "weight": 30,
                    "quality": 2,
                    "name": "minecraft:crossbow",
                    "functions": [
                        { "function": "set_count", "count": 1 },
                        { "function": "set_name", "name": [{ "text": "Crossbow", "color": "green" }] },
                        { "function": "set_nbt", "tag": "{Enchantments:[{id:\"minecraft:quick_charge\",lvl:1s},{id:\"minecraft:unbreaking\",lvl:1s}]}" },
                        { "function": "set_lore", "lore": [{ "text": "Uncommon", "color": "yellow", "italic": false }] }
                    ]
                },
                {
                    "type": "item",
                    "weight": 20,
                    "quality": 3,
                    "name": "minecraft:crossbow",
                    "functions": [
                        { "function": "set_count", "count": 1 },
                        { "function": "set_name", "name": [{ "text": "Crossbow", "color": "blue" }] },
                        { "function": "set_nbt", "tag": "{Enchantments:[{id:\"minecraft:quick_charge\",lvl:2s},{id:\"minecraft:unbreaking\",lvl:2s}]}" },
                        { "function": "set_lore", "lore": [{ "text": "Rare", "color": "yellow", "italic": false }] }
                    ]
                },
                {
                    "type": "item",
                    "weight": 10,
                    "quality": 4,
                    "name": "minecraft:crossbow",
                    "functions": [
                        { "function": "set_count", "count": 1 },
                        { "function": "set_name", "name": [{ "text": "Crossbow", "color": "dark_purple" }] },
                        { "function": "set_nbt", "tag": "{Enchantments:[{id:\"minecraft:quick_charge\",lvl:3s},{id:\"minecraft:unbreaking\",lvl:3s}]}" },
                        { "function": "set_lore", "lore": [{ "text": "Epic", "color": "yellow", "italic": false }] }
                    ]
                },
                {
                    "type": "item",
                    "weight": 5,
                    "quality": 5,
                    "name": "minecraft:crossbow",
                    "functions": [
                        { "function": "set_count", "count": 1 },
                        { "function": "set_name", "name": [{ "text": "Crossbow", "color": "gold" }] },
                        { "function": "set_nbt", "tag": "{Enchantments:[{id:\"minecraft:quick_charge\",lvl:4s},{id:\"minecraft:unbreaking\",lvl:4s}]}" },
                        { "function": "set_lore", "lore": [{ "text": "Legendary", "color": "yellow", "italic": false }] }
                    ]
                },
                {
                    "type": "item",
                    "weight": 5,
                    "quality": 5,
                    "name": "minecraft:crossbow",
                    "functions": [
                        { "function": "set_count", "count": 1 },
                        { "function": "set_name", "name": [{ "text": "Ender Bow", "color": "gold" }] },
                        { "function": "set_nbt", "tag": "{Enchantments:[{id:\"minecraft:quick_charge\",lvl:4s},{id:\"minecraft:piercing\",lvl:16s}]}" },
                        { "function": "set_lore", "lore": [{ "text": "Legendary", "color": "yellow", "italic": false }] }
                    ]
                }
            ]
        },
        {
            "rolls": 1,
            "entries": [
                {
                    "type": "item",
                    "weight": 3,
                    "quality": 1,
                    "name": "minecraft:arrow",
                    "functions": [
                        { "function": "set_count", "count":{"min":5,"max":32}}
                    ]
                },
                {
                    "type": "item",
                    "weight": 1,
                    "quality": 3,
                    "name": "minecraft:ender_pearl",
                    "functions": [
                        { "function": "set_count", "count": 5 }
                    ]
                }
            ]
        },
        {
            "rolls": 1,
            "entries": [
                {
                    "type": "item",
                    "weight": 1,
                    "quality": 1,
                    "name": "minecraft:cooked_beef",
                    "functions": [
                        { "function": "set_count", "count":{"min":5,"max":16}}
                    ]
                }
            ]
        },
        {
            "rolls": 1,
            "entries": [
                { "type": "item", "weight": 60, "name": "minecraft:iron_helmet", "functions": [{ "function": "set_count", "count": 1 }] },
                { "type": "item", "weight": 40, "name": "minecraft:iron_chestplate", "functions": [{ "function": "set_count", "count": 1 }] },
                { "type": "item", "weight": 45, "name": "minecraft:iron_leggings", "functions": [{ "function": "set_count", "count": 1 }] },
                { "type": "item", "weight": 50, "name": "minecraft:iron_boots", "functions": [{ "function": "set_count", "count": 1 }] },
                { "type": "item", "weight": 60, "name": "minecraft:diamond_helmet", "functions": [{ "function": "set_count", "count": 1 }] },
                { "type": "item", "weight": 30, "name": "minecraft:elytra", "functions": [{ "function": "set_count", "count": 1 }] },
                { "type": "item", "weight": 35, "name": "minecraft:diamond_leggings", "functions": [{ "function": "set_count", "count": 1 }] },
                { "type": "item", "weight": 40, "name": "minecraft:diamond_boots", "functions": [{ "function": "set_count", "count": 1 }] },
                { "type": "item", "weight": 50, "name": "minecraft:netherite_helmet", "functions": [{ "function": "set_count", "count": 1 }] },
                { "type": "item", "weight": 20, "name": "minecraft:netherite_chestplate", "functions": [{ "function": "set_count", "count": 1 }] },
                { "type": "item", "weight": 25, "name": "minecraft:netherite_leggings", "functions": [{ "function": "set_count", "count": 1 }] },
                { "type": "item", "weight": 30, "name": "minecraft:netherite_boots", "functions": [{ "function": "set_count", "count": 1 }] }
            ]
        },
        {
            "rolls": { "min": 0, "max": 1 },
            "entries": [
                {
                    "type": "item",
                    "weight": 40,
                    "quality": 1,
                    "name": "minecraft:shield",
                    "functions": [
                        { "function": "set_count", "count": 1 },
                        { "function": "set_name", "name": [{ "text": "Shield", "color": "dark_green" , "italic": false }] },
                        { "function": "set_nbt", "tag": "{Enchantments:[{id:\"minecraft:unbreaking\",lvl:3s}]}" }
                    ]
                }
            ]
        },
        {
            "rolls": 1,
            "entries": [
                {
                    "type": "item",
                    "weight": 50,
                    "quality": 1,
                    "name": "minecraft:splash_potion",
                    "functions": [
                        { "function": "set_count", "count": 1 },
                        { "function": "set_nbt", "tag": "{HideFlags:63,Potion:\"minecraft:swiftness\",CustomPotionColor:61183}" },
                        { "function": "set_name", "name": [{ "text": "Speed Splash", "color": "gray" }] },
                        { "function": "set_lore", "lore": [{ "text": "Common", "color": "yellow", "italic": false }] }
                    ]
                },
                {
                    "type": "item",
                    "weight": 45,
                    "quality": 2,
                    "name": "minecraft:potion",
                    "functions": [
                        { "function": "set_count", "count": 1 },
                        { "function": "set_nbt", "tag": "{HideFlags:31,Potion:\"minecraft:strong_strength\",CustomPotionColor:9830400}" },
                        { "function": "set_name", "name": [{ "text": "NRG Drink", "color": "green" }] },
                        { "function": "set_lore", "lore": [{ "text": "Uncommon", "color": "yellow", "italic": false }] }
                    ]
                },
                {
                    "type": "item",
                    "weight": 40,
                    "quality": 3,
                    "name": "minecraft:splash_potion",
                    "functions": [
                        { "function": "set_count", "count": 1 },
                        { "function": "set_nbt", "tag": "{HideFlags:63,CustomPotionEffects:[{Id:10b,Amplifier:127b,Duration:100},{Id:23b,Amplifier:127b,Duration:100}],CustomPotionColor:16711680}" },
                        { "function": "set_name", "name": [{ "text": "Instant Regen Potion", "color": "blue" }] },
                        { "function": "set_lore", "lore": [{ "text": "Rare", "color": "yellow", "italic": false }] }
                    ]
                },
                {
                    "type": "item",
                    "weight": 35,
                    "quality": 4,
                    "name": "minecraft:splash_potion",
                    "functions": [
                        { "function": "set_count", "count": 1 },
                        { "function": "set_nbt", "tag": "{HideFlags:63,CustomPotionEffects:[{Id:3b,Amplifier:127b,Duration:600}],CustomPotionColor:16761600}" },
                        { "function": "set_name", "name": [{ "text": "Spam-Click-Drink", "color": "dark_purple"}] },
                        { "function": "set_lore", "lore": [{ "text": "Epic", "color": "yellow", "italic": false }] }
                    ]
                },
                {
                    "type": "item",
                    "weight": 30,
                    "quality": 50,
                    "name": "minecraft:potion",
                    "functions": [
                        { "function": "set_count", "count": 1 },
                        {
                            "function": "set_nbt",
                            "tag": "{CustomPotionEffects:[{Id:5b,Amplifier:1b,Duration:600},{Id:11b,Amplifier:1b,Duration:600},{Id:22b,Amplifier:1b,Duration:600},{Id:26b,Amplifier:2b,Duration:1200}],CustomPotionColor:8471295}"
                        },
                        { "function": "set_name", "name": [{ "text": "PVP God Potion", "color": "gold" }] },
                        { "function": "set_lore", "lore": [{ "text": "Legendary", "color": "yellow", "italic": false }] }
                    ]
                }
            ]
        }
    ]
}