{
    "parent": "item/handheld",
    "textures": { "layer0": "items/carrot_on_a_stick" },
	"overrides": [
			{ "predicate": { "damaged": 0, "damage": 0.00 }, "model": "guns/01_desert_eagle" },
            { "predicate": { "damaged": 0, "damage": 0.04 }, "model": "guns/02_ump45" },
			{ "predicate": { "damaged": 0, "damage": 0.08 }, "model": "guns/03_g18" },
			{ "predicate": { "damaged": 0, "damage": 0.12 }, "model": "guns/25_int_no" },
			{ "predicate": { "damaged": 0, "damage": 0.16 }, "model": "guns/24_int" },
			{ "predicate": { "damaged": 0, "damage": 0.2 }, "model": "guns/06_barr_no" },
			{ "predicate": { "damaged": 0, "damage": 0.24 }, "model": "guns/07_barr" },
			{ "predicate": { "damaged": 0, "damage": 0.28 }, "model": "guns/08_m1014" },
			{ "predicate": { "damaged": 0, "damage": 0.32 }, "model": "guns/09_spas" },
			{ "predicate": { "damaged": 0, "damage": 0.36 }, "model": "guns/22_m4a1" },
			{ "predicate": { "damaged": 0, "damage": 0.40 }, "model": "guns/23_scar" },
			{ "predicate": { "damaged": 0, "damage": 0.44 }, "model": "guns/12_uzi" },
			{ "predicate": { "damaged": 0, "damage": 0.48 }, "model": "guns/13_pp2000" },
			{ "predicate": { "damaged": 0, "damage": 0.52 }, "model": "guns/14_magnum" },
			{ "predicate": { "damaged": 0, "damage": 0.56 }, "model": "guns/15_acr" },
			{ "predicate": { "damaged": 0, "damage": 0.60 }, "model": "guns/21_ak_47" },
			{ "predicate": { "damaged": 0, "damage": 0.64 }, "model": "guns/17_semtex" },
			{ "predicate": { "damaged": 0, "damage": 0.68 }, "model": "guns/18_grenade" },
			{ "predicate": { "damaged": 0, "damage": 0.72 }, "model": "guns/19_flash" },
			{ "predicate": { "damaged": 0, "damage": 0.76 }, "model": "guns/20_stun" },
			{ "predicate": { "damaged": 0, "damage": 0.80 }, "model": "guns/13_pp2000" },
			{ "predicate": { "damaged": 0, "damage": 0.84 }, "model": "guns/13_pp2000" },
			{ "predicate": { "damaged": 0, "damage": 0.88 }, "model": "guns/13_pp2000" },
			{ "predicate": { "damaged": 0, "damage": 0.92 }, "model": "guns/13_pp2000" },
			{ "predicate": { "damaged": 0, "damage": 0.96 }, "model": "guns/13_pp2000" },
			{ "predicate": { "damaged": 0, "damage": 1.00 }, "model": "guns/empty" }
           
    ]
}
