{
  "surface_builder": "minecraft:grass",
  "depth": 0.125,
  "scale": 0.05,
  "temperature": 1,
  "downfall": 0.4,
  "precipitation": "rain",
  "category": "plains",
  "effects": {
    "sky_color": 40447,
    "fog_color": 11053224,
    "water_color": 57855,
    "water_fog_color": 61183,
    "grass_color": 4373760,
    "foliage_color": 5742080
  },
  "starts": [
    "minecraft:village_plains",
    "minecraft:pillager_outpost"
  ],
  "spawners": {},
  "spawn_costs": {},
  "carvers": {},
  "features": []
}