{
"__comment": "Designed by Madstonmagic with BDcraft Cubik PRO 0.96 Beta - http://bdcraft.net",
"textures": {
    "texture": "guns/01_desert_eagle"
},
"elements": [ 
{
    "from": [ 6.75, 9, 12.25 ],
    "to": [ 9.25, 11, 12.75 ],
    "faces": {
        "down":  { "uv": [ 2.5, 1.75, 5.25, 4.25 ], "texture": "#texture" },
        "up":    { "uv": [ 2.75, 2.25, 5.25, 4.5 ], "texture": "#texture" },
        "north": { "uv": [ 2.25, 1.75, 4.75, 3.75 ], "texture": "#texture" },
        "south": { "uv": [ 1.75, 1.75, 4.25, 3.75 ], "texture": "#texture" },
        "west":  { "uv": [ 2.75, 1.5, 5, 3.5 ], "texture": "#texture" },
        "east":  { "uv": [ 2, 0.75, 4.25, 2.75 ], "texture": "#texture" }
    }
},
{
    "from": [ 7, 9, 14.25 ],
    "to": [ 7.75, 10.75, 14.5 ],
    "faces": {
        "down":  { "uv": [ 2.5, 1.75, 5.25, 4.25 ], "texture": "#texture" },
        "up":    { "uv": [ 2.75, 2.25, 5.25, 4.5 ], "texture": "#texture" },
        "north": { "uv": [ 2.25, 1.75, 4.75, 3.75 ], "texture": "#texture" },
        "south": { "uv": [ 1.75, 1.75, 4.25, 3.75 ], "texture": "#texture" },
        "west":  { "uv": [ 2.75, 1.5, 5, 3.5 ], "texture": "#texture" },
        "east":  { "uv": [ 2, 0.75, 4.25, 2.75 ], "texture": "#texture" }
    }
},
{
    "from": [ 7.25, 9, 10.25 ],
    "to": [ 8.75, 11.25, 12.25 ],
    "faces": {
        "down":  { "uv": [ 2.5, 1.75, 5.25, 4.25 ], "texture": "#texture" },
        "up":    { "uv": [ 2.75, 2.25, 5.25, 4.5 ], "texture": "#texture" },
        "north": { "uv": [ 2.25, 1.75, 4.75, 3.75 ], "texture": "#texture" },
        "south": { "uv": [ 1.75, 1.75, 4.25, 3.75 ], "texture": "#texture" },
        "west":  { "uv": [ 2.75, 1.5, 5, 3.5 ], "texture": "#texture" },
        "east":  { "uv": [ 2, 0.75, 4.25, 2.75 ], "texture": "#texture" }
    }
},
{
    "from": [ 6.75, 9, 10.25 ],
    "to": [ 9.25, 10.75, 12.25 ],
    "faces": {
        "down":  { "uv": [ 2.5, 1.75, 5.25, 4.25 ], "texture": "#texture" },
        "up":    { "uv": [ 2.75, 2.25, 5.25, 4.5 ], "texture": "#texture" },
        "north": { "uv": [ 2.25, 1.75, 4.75, 3.75 ], "texture": "#texture" },
        "south": { "uv": [ 1.75, 1.75, 4.25, 3.75 ], "texture": "#texture" },
        "west":  { "uv": [ 2.75, 1.5, 5, 3.5 ], "texture": "#texture" },
        "east":  { "uv": [ 2, 0.75, 4.25, 2.75 ], "texture": "#texture" }
    }
},
{
    "from": [ 6.75, 10.25, 10.25 ],
    "to": [ 7.45, 10.75, 12.25 ],
    "rotation": { "origin": [ 6.75, 10.75, 10.25 ], "axis": "z", "angle": 45 },
    "faces": {
        "down":  { "uv": [ 2.5, 1.75, 5.25, 4.25 ], "texture": "#texture" },
        "up":    { "uv": [ 2.75, 2.25, 5.25, 4.5 ], "texture": "#texture" },
        "north": { "uv": [ 2.25, 1.75, 4.75, 3.75 ], "texture": "#texture" },
        "south": { "uv": [ 1.75, 1.75, 4.25, 3.75 ], "texture": "#texture" },
        "west":  { "uv": [ 2.75, 1.5, 5, 3.5 ], "texture": "#texture" },
        "east":  { "uv": [ 2, 0.75, 4.25, 2.75 ], "texture": "#texture" }
    }
},
{
    "from": [ 8.75, 10.75, 10.25 ],
    "to": [ 9.45, 11.25, 12.25 ],
    "rotation": { "origin": [ 8.75, 11.25, 10.25 ], "axis": "z", "angle": -45 },
    "faces": {
        "down":  { "uv": [ 2.5, 1.75, 5.25, 4.25 ], "texture": "#texture" },
        "up":    { "uv": [ 2.75, 2.25, 5.25, 4.5 ], "texture": "#texture" },
        "north": { "uv": [ 2.25, 1.75, 4.75, 3.75 ], "texture": "#texture" },
        "south": { "uv": [ 1.75, 1.75, 4.25, 3.75 ], "texture": "#texture" },
        "west":  { "uv": [ 2.75, 1.5, 5, 3.5 ], "texture": "#texture" },
        "east":  { "uv": [ 2, 0.75, 4.25, 2.75 ], "texture": "#texture" }
    }
},
{
    "from": [ 7.25, 10.75, 12.25 ],
    "to": [ 8.75, 11.25, 13 ],
    "rotation": { "origin": [ 7.25, 11.25, 12.25 ], "axis": "x", "angle": 45 },
    "faces": {
        "down":  { "uv": [ 2.5, 1.75, 5.25, 4.25 ], "texture": "#texture" },
        "up":    { "uv": [ 2.75, 2.25, 5.25, 4.5 ], "texture": "#texture" },
        "north": { "uv": [ 2.25, 1.75, 4.75, 3.75 ], "texture": "#texture" },
        "south": { "uv": [ 1.75, 1.75, 4.25, 3.75 ], "texture": "#texture" },
        "west":  { "uv": [ 2.75, 1.5, 5, 3.5 ], "texture": "#texture" },
        "east":  { "uv": [ 2, 0.75, 4.25, 2.75 ], "texture": "#texture" }
    }
},
{
    "from": [ 7, 10.5, 14.25 ],
    "to": [ 9, 11, 14.6 ],
    "rotation": { "origin": [ 7, 11, 14.25 ], "axis": "x", "angle": 45 },
    "faces": {
        "down":  { "uv": [ 2.5, 1.75, 5.25, 4.25 ], "texture": "#texture" },
        "up":    { "uv": [ 2.75, 2.25, 5.25, 4.5 ], "texture": "#texture" },
        "north": { "uv": [ 2.25, 1.75, 4.75, 3.75 ], "texture": "#texture" },
        "south": { "uv": [ 1.75, 1.75, 4.25, 3.75 ], "texture": "#texture" },
        "west":  { "uv": [ 2.75, 1.5, 5, 3.5 ], "texture": "#texture" },
        "east":  { "uv": [ 2, 0.75, 4.25, 2.75 ], "texture": "#texture" }
    }
},
{
    "from": [ 6.75, 9, 14.25 ],
    "to": [ 7.25, 10.75, 14.6 ],
    "rotation": { "origin": [ 6.75, 9, 14.25 ], "axis": "y", "angle": 45 },
    "faces": {
        "down":  { "uv": [ 2.5, 1.75, 5.25, 4.25 ], "texture": "#texture" },
        "up":    { "uv": [ 2.75, 2.25, 5.25, 4.5 ], "texture": "#texture" },
        "north": { "uv": [ 2.25, 1.75, 4.75, 3.75 ], "texture": "#texture" },
        "south": { "uv": [ 1.75, 1.75, 4.25, 3.75 ], "texture": "#texture" },
        "west":  { "uv": [ 2.75, 1.5, 5, 3.5 ], "texture": "#texture" },
        "east":  { "uv": [ 2, 0.75, 4.25, 2.75 ], "texture": "#texture" }
    }
},
{
    "from": [ 8.895, 9, 13.895 ],
    "to": [ 9.395, 10.75, 14.245 ],
    "rotation": { "origin": [ 8.895, 9, 13.895 ], "axis": "y", "angle": -45 },
    "faces": {
        "down":  { "uv": [ 2.5, 1.75, 5.25, 4.25 ], "texture": "#texture" },
        "up":    { "uv": [ 2.75, 2.25, 5.25, 4.5 ], "texture": "#texture" },
        "north": { "uv": [ 2.25, 1.75, 4.75, 3.75 ], "texture": "#texture" },
        "south": { "uv": [ 1.75, 1.75, 4.25, 3.75 ], "texture": "#texture" },
        "west":  { "uv": [ 2.75, 1.5, 5, 3.5 ], "texture": "#texture" },
        "east":  { "uv": [ 2, 0.75, 4.25, 2.75 ], "texture": "#texture" }
    }
},
{
    "from": [ 7.25, 10.75, 13 ],
    "to": [ 8.75, 11.25, 14 ],
    "faces": {
        "down":  { "uv": [ 2.5, 9, 5.25, 11.5 ], "texture": "#texture" },
        "up":    { "uv": [ 1.25, 9.25, 3.75, 11.5 ], "texture": "#texture" },
        "north": { "uv": [ 1.25, 9.5, 3.75, 11.5 ], "texture": "#texture" },
        "south": { "uv": [ 2, 8.5, 4.5, 10.5 ], "texture": "#texture" },
        "west":  { "uv": [ 2, 9.5, 4.25, 11.5 ], "texture": "#texture" },
        "east":  { "uv": [ 2.25, 7.75, 4.5, 9.75 ], "texture": "#texture" }
    }
},
{
    "from": [ 7.25, 11.25, 13.5 ],
    "to": [ 7.3125, 11.75, 14 ],
    "faces": {
        "down":  { "uv": [ 2.5, 9, 5.25, 11.5 ], "texture": "#texture" },
        "up":    { "uv": [ 1.25, 9.25, 3.75, 11.5 ], "texture": "#texture" },
        "north": { "uv": [ 1.25, 9.5, 3.75, 11.5 ], "texture": "#texture" },
        "south": { "uv": [ 2, 8.5, 4.5, 10.5 ], "texture": "#texture" },
        "west":  { "uv": [ 2, 9.5, 4.25, 11.5 ], "texture": "#texture" },
        "east":  { "uv": [ 2.25, 7.75, 4.5, 9.75 ], "texture": "#texture" }
    }
},
{
    "from": [ 8.6875, 11.25, 13.5 ],
    "to": [ 8.75, 11.75, 14 ],
    "faces": {
        "down":  { "uv": [ 2.5, 9, 5.25, 11.5 ], "texture": "#texture" },
        "up":    { "uv": [ 1.25, 9.25, 3.75, 11.5 ], "texture": "#texture" },
        "north": { "uv": [ 1.25, 9.5, 3.75, 11.5 ], "texture": "#texture" },
        "south": { "uv": [ 2, 8.5, 4.5, 10.5 ], "texture": "#texture" },
        "west":  { "uv": [ 2, 9.5, 4.25, 11.5 ], "texture": "#texture" },
        "east":  { "uv": [ 2.25, 7.75, 4.5, 9.75 ], "texture": "#texture" }
    }
},
{
    "from": [ 8.6875, 10.75, 13 ],
    "to": [ 8.75, 11.25, 13.7 ],
    "rotation": { "origin": [ 8.6875, 11.25, 13 ], "axis": "x", "angle": -45 },
    "faces": {
        "down":  { "uv": [ 2.5, 9, 5.25, 11.5 ], "texture": "#texture" },
        "up":    { "uv": [ 1.25, 9.25, 3.75, 11.5 ], "texture": "#texture" },
        "north": { "uv": [ 1.25, 9.5, 3.75, 11.5 ], "texture": "#texture" },
        "south": { "uv": [ 2, 8.5, 4.5, 10.5 ], "texture": "#texture" },
        "west":  { "uv": [ 2, 9.5, 4.25, 11.5 ], "texture": "#texture" },
        "east":  { "uv": [ 2.25, 7.75, 4.5, 9.75 ], "texture": "#texture" }
    }
},
{
    "from": [ 7.25, 10.75, 13 ],
    "to": [ 7.3125, 11.25, 13.7 ],
    "rotation": { "origin": [ 7.25, 11.25, 13 ], "axis": "x", "angle": -45 },
    "faces": {
        "down":  { "uv": [ 2.5, 9, 5.25, 11.5 ], "texture": "#texture" },
        "up":    { "uv": [ 1.25, 9.25, 3.75, 11.5 ], "texture": "#texture" },
        "north": { "uv": [ 1.25, 9.5, 3.75, 11.5 ], "texture": "#texture" },
        "south": { "uv": [ 2, 8.5, 4.5, 10.5 ], "texture": "#texture" },
        "west":  { "uv": [ 2, 9.5, 4.25, 11.5 ], "texture": "#texture" },
        "east":  { "uv": [ 2.25, 7.75, 4.5, 9.75 ], "texture": "#texture" }
    }
},
{
    "from": [ 8.25, 9, 14.25 ],
    "to": [ 9, 10.75, 14.5 ],
    "faces": {
        "down":  { "uv": [ 2.5, 1.75, 5.25, 4.25 ], "texture": "#texture" },
        "up":    { "uv": [ 2.75, 2.25, 5.25, 4.5 ], "texture": "#texture" },
        "north": { "uv": [ 2.25, 1.75, 4.75, 3.75 ], "texture": "#texture" },
        "south": { "uv": [ 1.75, 1.75, 4.25, 3.75 ], "texture": "#texture" },
        "west":  { "uv": [ 2.75, 1.5, 5, 3.5 ], "texture": "#texture" },
        "east":  { "uv": [ 2, 0.75, 4.25, 2.75 ], "texture": "#texture" }
    }
},
{
    "from": [ 7.875, 9.75, 14 ],
    "to": [ 8.125, 10.25, 15 ],
    "rotation": { "origin": [ 7.875, 10.25, 14 ], "axis": "x", "angle": -22.5 },
    "faces": {
        "down":  { "uv": [ 2.25, 8.5, 5, 11 ], "texture": "#texture" },
        "up":    { "uv": [ 2, 8, 4.5, 10.25 ], "texture": "#texture" },
        "north": { "uv": [ 1.5, 7.75, 4, 9.75 ], "texture": "#texture" },
        "south": { "uv": [ 1.5, 8, 4, 10 ], "texture": "#texture" },
        "west":  { "uv": [ 2.5, 8, 4.75, 10 ], "texture": "#texture" },
        "east":  { "uv": [ 2.75, 8.25, 5, 10.25 ], "texture": "#texture" }
    }
},
{
    "from": [ 7.875, 9.125, 13.875 ],
    "to": [ 8.125, 9.625, 15.125 ],
    "rotation": { "origin": [ 7.875, 9.625, 13.875 ], "axis": "x", "angle": -45 },
    "faces": {
        "down":  { "uv": [ 2.25, 8.5, 5, 11 ], "texture": "#texture" },
        "up":    { "uv": [ 2, 8, 4.5, 10.25 ], "texture": "#texture" },
        "north": { "uv": [ 1.5, 7.75, 4, 9.75 ], "texture": "#texture" },
        "south": { "uv": [ 1.5, 8, 4, 10 ], "texture": "#texture" },
        "west":  { "uv": [ 2.5, 8, 4.75, 10 ], "texture": "#texture" },
        "east":  { "uv": [ 2.75, 8.25, 5, 10.25 ], "texture": "#texture" }
    }
},
{
    "from": [ 7, 8.5, 1.25 ],
    "to": [ 9, 9, 14.5 ],
    "faces": {
        "down":  { "uv": [ 2.5, 1.75, 5.25, 4.25 ], "texture": "#texture" },
        "up":    { "uv": [ 2.75, 2.25, 5.25, 4.5 ], "texture": "#texture" },
        "north": { "uv": [ 2.25, 1.75, 4.75, 3.75 ], "texture": "#texture" },
        "south": { "uv": [ 1.75, 1.75, 4.25, 3.75 ], "texture": "#texture" },
        "west":  { "uv": [ 2.75, 1.5, 5, 3.5 ], "texture": "#texture" },
        "east":  { "uv": [ 2, 0.75, 4.25, 2.75 ], "texture": "#texture" }
    }
},
{
    "from": [ 6.75, 9.25, 13.5 ],
    "to": [ 9.25, 10.75, 13.75 ],
    "faces": {
        "down":  { "uv": [ 2.5, 1.75, 5.25, 4.25 ], "texture": "#texture" },
        "up":    { "uv": [ 2.75, 2.25, 5.25, 4.5 ], "texture": "#texture" },
        "north": { "uv": [ 2.25, 1.75, 4.75, 3.75 ], "texture": "#texture" },
        "south": { "uv": [ 1.75, 1.75, 4.25, 3.75 ], "texture": "#texture" },
        "west":  { "uv": [ 2.75, 1.5, 5, 3.5 ], "texture": "#texture" },
        "east":  { "uv": [ 2, 0.75, 4.25, 2.75 ], "texture": "#texture" }
    }
},
{
    "from": [ 6.75, 9, 14 ],
    "to": [ 9.25, 10.75, 14.25 ],
    "faces": {
        "down":  { "uv": [ 2.5, 1.75, 5.25, 4.25 ], "texture": "#texture" },
        "up":    { "uv": [ 2.75, 2.25, 5.25, 4.5 ], "texture": "#texture" },
        "north": { "uv": [ 2.25, 1.75, 4.75, 3.75 ], "texture": "#texture" },
        "south": { "uv": [ 1.75, 1.75, 4.25, 3.75 ], "texture": "#texture" },
        "west":  { "uv": [ 2.75, 1.5, 5, 3.5 ], "texture": "#texture" },
        "east":  { "uv": [ 2, 0.75, 4.25, 2.75 ], "texture": "#texture" }
    }
},
{
    "from": [ 7, 10.75, 12.75 ],
    "to": [ 9, 11, 14.25 ],
    "faces": {
        "down":  { "uv": [ 2.5, 1.75, 5.25, 4.25 ], "texture": "#texture" },
        "up":    { "uv": [ 2.75, 2.25, 5.25, 4.5 ], "texture": "#texture" },
        "north": { "uv": [ 2.25, 1.75, 4.75, 3.75 ], "texture": "#texture" },
        "south": { "uv": [ 1.75, 1.75, 4.25, 3.75 ], "texture": "#texture" },
        "west":  { "uv": [ 2.75, 1.5, 5, 3.5 ], "texture": "#texture" },
        "east":  { "uv": [ 2, 0.75, 4.25, 2.75 ], "texture": "#texture" }
    }
},
{
    "from": [ 7, 9, 12.75 ],
    "to": [ 9, 10.75, 14.25 ],
    "faces": {
        "down":  { "uv": [ 2.5, 1.75, 5.25, 4.25 ], "texture": "#texture" },
        "up":    { "uv": [ 2.75, 2.25, 5.25, 4.5 ], "texture": "#texture" },
        "north": { "uv": [ 2.25, 1.75, 4.75, 3.75 ], "texture": "#texture" },
        "south": { "uv": [ 1.75, 1.75, 4.25, 3.75 ], "texture": "#texture" },
        "west":  { "uv": [ 2.75, 1.5, 5, 3.5 ], "texture": "#texture" },
        "east":  { "uv": [ 2, 0.75, 4.25, 2.75 ], "texture": "#texture" }
    }
},
{
    "from": [ 6.75, 9.25, 13 ],
    "to": [ 9.25, 10.75, 13.25 ],
    "faces": {
        "down":  { "uv": [ 2.5, 1.75, 5.25, 4.25 ], "texture": "#texture" },
        "up":    { "uv": [ 2.75, 2.25, 5.25, 4.5 ], "texture": "#texture" },
        "north": { "uv": [ 2.25, 1.75, 4.75, 3.75 ], "texture": "#texture" },
        "south": { "uv": [ 1.75, 1.75, 4.25, 3.75 ], "texture": "#texture" },
        "west":  { "uv": [ 2.75, 1.5, 5, 3.5 ], "texture": "#texture" },
        "east":  { "uv": [ 2, 0.75, 4.25, 2.75 ], "texture": "#texture" }
    }
},
{
    "from": [ 6.75, 9, 12.75 ],
    "to": [ 9.25, 9.25, 14 ],
    "faces": {
        "down":  { "uv": [ 2.5, 1.75, 5.25, 4.25 ], "texture": "#texture" },
        "up":    { "uv": [ 2.75, 2.25, 5.25, 4.5 ], "texture": "#texture" },
        "north": { "uv": [ 2.25, 1.75, 4.75, 3.75 ], "texture": "#texture" },
        "south": { "uv": [ 1.75, 1.75, 4.25, 3.75 ], "texture": "#texture" },
        "west":  { "uv": [ 2.75, 1.5, 5, 3.5 ], "texture": "#texture" },
        "east":  { "uv": [ 2, 0.75, 4.25, 2.75 ], "texture": "#texture" }
    }
},
{
    "from": [ 6.75, 10.25, 12.75 ],
    "to": [ 7.1, 10.75, 14.25 ],
    "rotation": { "origin": [ 6.75, 10.75, 12.75 ], "axis": "z", "angle": 45 },
    "faces": {
        "down":  { "uv": [ 2.5, 1.75, 5.25, 4.25 ], "texture": "#texture" },
        "up":    { "uv": [ 2.75, 2.25, 5.25, 4.5 ], "texture": "#texture" },
        "north": { "uv": [ 2.25, 1.75, 4.75, 3.75 ], "texture": "#texture" },
        "south": { "uv": [ 1.75, 1.75, 4.25, 3.75 ], "texture": "#texture" },
        "west":  { "uv": [ 2.75, 1.5, 5, 3.5 ], "texture": "#texture" },
        "east":  { "uv": [ 2, 0.75, 4.25, 2.75 ], "texture": "#texture" }
    }
},
{
    "from": [ 9, 10.5, 12.75 ],
    "to": [ 9.35, 11, 14.25 ],
    "rotation": { "origin": [ 9, 11, 12.75 ], "axis": "z", "angle": -45 },
    "faces": {
        "down":  { "uv": [ 2.5, 1.75, 5.25, 4.25 ], "texture": "#texture" },
        "up":    { "uv": [ 2.75, 2.25, 5.25, 4.5 ], "texture": "#texture" },
        "north": { "uv": [ 2.25, 1.75, 4.75, 3.75 ], "texture": "#texture" },
        "south": { "uv": [ 1.75, 1.75, 4.25, 3.75 ], "texture": "#texture" },
        "west":  { "uv": [ 2.75, 1.5, 5, 3.5 ], "texture": "#texture" },
        "east":  { "uv": [ 2, 0.75, 4.25, 2.75 ], "texture": "#texture" }
    }
},
{
    "__comment": "barrel",
    "from": [ 6.75, 9, 0.75 ],
    "to": [ 9.25, 9.75, 10.25 ],
    "faces": {
        "down":  { "uv": [ 2.5, 1.75, 5.25, 4.25 ], "texture": "#texture" },
        "up":    { "uv": [ 2.75, 2.25, 5.25, 4.5 ], "texture": "#texture" },
        "north": { "uv": [ 2.25, 1.75, 4.75, 3.75 ], "texture": "#texture" },
        "south": { "uv": [ 1.75, 1.75, 4.25, 3.75 ], "texture": "#texture" },
        "west":  { "uv": [ 2.75, 1.5, 5, 3.5 ], "texture": "#texture" },
        "east":  { "uv": [ 2, 0.75, 4.25, 2.75 ], "texture": "#texture" }
    }
},
{
    "__comment": "barrel",
    "from": [ 7.5, 10.25, 0.75 ],
    "to": [ 8.5, 10.75, 8.25 ],
    "faces": {
        "down":  { "uv": [ 2.5, 1.75, 5.25, 4.25 ], "texture": "#texture" },
        "up":    { "uv": [ 2.75, 2.25, 5.25, 4.5 ], "texture": "#texture" },
        "north": { "uv": [ 2.25, 1.75, 4.75, 3.75 ], "texture": "#texture" },
        "south": { "uv": [ 1.75, 1.75, 4.25, 3.75 ], "texture": "#texture" },
        "west":  { "uv": [ 2.75, 1.5, 5, 3.5 ], "texture": "#texture" },
        "east":  { "uv": [ 2, 0.75, 4.25, 2.75 ], "texture": "#texture" }
    }
},
{
    "__comment": "barrel",
    "from": [ 7.25, 9.75, 8.25 ],
    "to": [ 8.75, 11, 10.25 ],
    "faces": {
        "down":  { "uv": [ 2.5, 1.75, 5.25, 4.25 ], "texture": "#texture" },
        "up":    { "uv": [ 2.75, 2.25, 5.25, 4.5 ], "texture": "#texture" },
        "north": { "uv": [ 2.25, 1.75, 4.75, 3.75 ], "texture": "#texture" },
        "south": { "uv": [ 1.75, 1.75, 4.25, 3.75 ], "texture": "#texture" },
        "west":  { "uv": [ 2.75, 1.5, 5, 3.5 ], "texture": "#texture" },
        "east":  { "uv": [ 2, 0.75, 4.25, 2.75 ], "texture": "#texture" }
    }
},
{
    "__comment": "barrel",
    "from": [ 7, 9.75, 8.25 ],
    "to": [ 9, 10.75, 10.25 ],
    "faces": {
        "down":  { "uv": [ 2.5, 1.75, 5.25, 4.25 ], "texture": "#texture" },
        "up":    { "uv": [ 2.75, 2.25, 5.25, 4.5 ], "texture": "#texture" },
        "north": { "uv": [ 2.25, 1.75, 4.75, 3.75 ], "texture": "#texture" },
        "south": { "uv": [ 1.75, 1.75, 4.25, 3.75 ], "texture": "#texture" },
        "west":  { "uv": [ 2.75, 1.5, 5, 3.5 ], "texture": "#texture" },
        "east":  { "uv": [ 2, 0.75, 4.25, 2.75 ], "texture": "#texture" }
    }
},
{
    "__comment": "barrel",
    "from": [ 7.25, 10.25, 0.75 ],
    "to": [ 8.75, 10.5, 8.25 ],
    "faces": {
        "down":  { "uv": [ 2.5, 1.75, 5.25, 4.25 ], "texture": "#texture" },
        "up":    { "uv": [ 2.75, 2.25, 5.25, 4.5 ], "texture": "#texture" },
        "north": { "uv": [ 2.25, 1.75, 4.75, 3.75 ], "texture": "#texture" },
        "south": { "uv": [ 1.75, 1.75, 4.25, 3.75 ], "texture": "#texture" },
        "west":  { "uv": [ 2.75, 1.5, 5, 3.5 ], "texture": "#texture" },
        "east":  { "uv": [ 2, 0.75, 4.25, 2.75 ], "texture": "#texture" }
    }
},
{
    "__comment": "barrel*",
    "from": [ 7, 10.5, 8.25 ],
    "to": [ 7.35, 10.75, 10.25 ],
    "rotation": { "origin": [ 7, 10.75, 8.25 ], "axis": "z", "angle": 45 },
    "faces": {
        "down":  { "uv": [ 2.5, 1.75, 5.25, 4.25 ], "texture": "#texture" },
        "up":    { "uv": [ 2.75, 2.25, 5.25, 4.5 ], "texture": "#texture" },
        "north": { "uv": [ 2.25, 1.75, 4.75, 3.75 ], "texture": "#texture" },
        "south": { "uv": [ 1.75, 1.75, 4.25, 3.75 ], "texture": "#texture" },
        "west":  { "uv": [ 2.75, 1.5, 5, 3.5 ], "texture": "#texture" },
        "east":  { "uv": [ 2, 0.75, 4.25, 2.75 ], "texture": "#texture" }
    }
},
{
    "__comment": "barrel*",
    "from": [ 8.75, 10.75, 8.25 ],
    "to": [ 9.1, 11, 10.25 ],
    "rotation": { "origin": [ 8.75, 11, 8.25 ], "axis": "z", "angle": -45 },
    "faces": {
        "down":  { "uv": [ 2.5, 1.75, 5.25, 4.25 ], "texture": "#texture" },
        "up":    { "uv": [ 2.75, 2.25, 5.25, 4.5 ], "texture": "#texture" },
        "north": { "uv": [ 2.25, 1.75, 4.75, 3.75 ], "texture": "#texture" },
        "south": { "uv": [ 1.75, 1.75, 4.25, 3.75 ], "texture": "#texture" },
        "west":  { "uv": [ 2.75, 1.5, 5, 3.5 ], "texture": "#texture" },
        "east":  { "uv": [ 2, 0.75, 4.25, 2.75 ], "texture": "#texture" }
    }
},
{
    "__comment": "barrel*",
    "from": [ 7.25, 10.25, 0.75 ],
    "to": [ 7.6, 10.5, 8.25 ],
    "rotation": { "origin": [ 7.25, 10.5, 0.75 ], "axis": "z", "angle": 45 },
    "faces": {
        "down":  { "uv": [ 2.5, 1.75, 5.25, 4.25 ], "texture": "#texture" },
        "up":    { "uv": [ 2.75, 2.25, 5.25, 4.5 ], "texture": "#texture" },
        "north": { "uv": [ 2.25, 1.75, 4.75, 3.75 ], "texture": "#texture" },
        "south": { "uv": [ 1.75, 1.75, 4.25, 3.75 ], "texture": "#texture" },
        "west":  { "uv": [ 2.75, 1.5, 5, 3.5 ], "texture": "#texture" },
        "east":  { "uv": [ 2, 0.75, 4.25, 2.75 ], "texture": "#texture" }
    }
},
{
    "__comment": "barrel*",
    "from": [ 8.48928, 10.5, 0.75 ],
    "to": [ 8.83928, 10.75, 8.25 ],
    "rotation": { "origin": [ 8.48928, 10.75, 0.75 ], "axis": "z", "angle": -45 },
    "faces": {
        "down":  { "uv": [ 2.5, 1.75, 5.25, 4.25 ], "texture": "#texture" },
        "up":    { "uv": [ 2.75, 2.25, 5.25, 4.5 ], "texture": "#texture" },
        "north": { "uv": [ 2.25, 1.75, 4.75, 3.75 ], "texture": "#texture" },
        "south": { "uv": [ 1.75, 1.75, 4.25, 3.75 ], "texture": "#texture" },
        "west":  { "uv": [ 2.75, 1.5, 5, 3.5 ], "texture": "#texture" },
        "east":  { "uv": [ 2, 0.75, 4.25, 2.75 ], "texture": "#texture" }
    }
},
{
    "__comment": "barrel*",
    "from": [ 7, 10, 0.75 ],
    "to": [ 7.75, 10.25, 8.25 ],
    "faces": {
        "down":  { "uv": [ 2.5, 1.75, 5.25, 4.25 ], "texture": "#texture" },
        "up":    { "uv": [ 2.75, 2.25, 5.25, 4.5 ], "texture": "#texture" },
        "north": { "uv": [ 2.25, 1.75, 4.75, 3.75 ], "texture": "#texture" },
        "south": { "uv": [ 1.75, 1.75, 4.25, 3.75 ], "texture": "#texture" },
        "west":  { "uv": [ 2.75, 1.5, 5, 3.5 ], "texture": "#texture" },
        "east":  { "uv": [ 2, 0.75, 4.25, 2.75 ], "texture": "#texture" }
    }
},
{
    "__comment": "barrel*",
    "from": [ 7.75, 10.75, 0.75 ],
    "to": [ 8.25, 10.875, 8.25 ],
    "faces": {
        "down":  { "uv": [ 2.5, 1.75, 5.25, 4.25 ], "texture": "#texture" },
        "up":    { "uv": [ 2.75, 2.25, 5.25, 4.5 ], "texture": "#texture" },
        "north": { "uv": [ 2.25, 1.75, 4.75, 3.75 ], "texture": "#texture" },
        "south": { "uv": [ 1.75, 1.75, 4.25, 3.75 ], "texture": "#texture" },
        "west":  { "uv": [ 2.75, 1.5, 5, 3.5 ], "texture": "#texture" },
        "east":  { "uv": [ 2, 0.75, 4.25, 2.75 ], "texture": "#texture" }
    }
},
{
    "__comment": "barrel*",
    "from": [ 7.625, 10.875, 0.75 ],
    "to": [ 8.375, 11, 8.25 ],
    "faces": {
        "down":  { "uv": [ 2.5, 1.75, 5.25, 4.25 ], "texture": "#texture" },
        "up":    { "uv": [ 2.75, 2.25, 5.25, 4.5 ], "texture": "#texture" },
        "north": { "uv": [ 2.25, 1.75, 4.75, 3.75 ], "texture": "#texture" },
        "south": { "uv": [ 1.75, 1.75, 4.25, 3.75 ], "texture": "#texture" },
        "west":  { "uv": [ 2.75, 1.5, 5, 3.5 ], "texture": "#texture" },
        "east":  { "uv": [ 2, 0.75, 4.25, 2.75 ], "texture": "#texture" }
    }
},
{
    "__comment": "barrel*",
    "from": [ 7.625, 11, 0.75 ],
    "to": [ 8.375, 11.125, 2.25 ],
    "faces": {
        "down":  { "uv": [ 2.5, 1.75, 5.25, 4.25 ], "texture": "#texture" },
        "up":    { "uv": [ 2.75, 2.25, 5.25, 4.5 ], "texture": "#texture" },
        "north": { "uv": [ 2.25, 1.75, 4.75, 3.75 ], "texture": "#texture" },
        "south": { "uv": [ 1.75, 1.75, 4.25, 3.75 ], "texture": "#texture" },
        "west":  { "uv": [ 2.75, 1.5, 5, 3.5 ], "texture": "#texture" },
        "east":  { "uv": [ 2, 0.75, 4.25, 2.75 ], "texture": "#texture" }
    }
},
{
    "__comment": "barrel*",
    "from": [ 7.625, 11, 4.875 ],
    "to": [ 8.375, 11.125, 5.25 ],
    "faces": {
        "down":  { "uv": [ 2.5, 1.75, 5.25, 4.25 ], "texture": "#texture" },
        "up":    { "uv": [ 2.75, 2.25, 5.25, 4.5 ], "texture": "#texture" },
        "north": { "uv": [ 2.25, 1.75, 4.75, 3.75 ], "texture": "#texture" },
        "south": { "uv": [ 1.75, 1.75, 4.25, 3.75 ], "texture": "#texture" },
        "west":  { "uv": [ 2.75, 1.5, 5, 3.5 ], "texture": "#texture" },
        "east":  { "uv": [ 2, 0.75, 4.25, 2.75 ], "texture": "#texture" }
    }
},
{
    "__comment": "barrel*",
    "from": [ 7.625, 11, 5.625 ],
    "to": [ 8.375, 11.125, 6 ],
    "faces": {
        "down":  { "uv": [ 2.5, 1.75, 5.25, 4.25 ], "texture": "#texture" },
        "up":    { "uv": [ 2.75, 2.25, 5.25, 4.5 ], "texture": "#texture" },
        "north": { "uv": [ 2.25, 1.75, 4.75, 3.75 ], "texture": "#texture" },
        "south": { "uv": [ 1.75, 1.75, 4.25, 3.75 ], "texture": "#texture" },
        "west":  { "uv": [ 2.75, 1.5, 5, 3.5 ], "texture": "#texture" },
        "east":  { "uv": [ 2, 0.75, 4.25, 2.75 ], "texture": "#texture" }
    }
},
{
    "__comment": "barrel*",
    "from": [ 7.625, 11, 6.375 ],
    "to": [ 8.375, 11.125, 6.75 ],
    "faces": {
        "down":  { "uv": [ 2.5, 1.75, 5.25, 4.25 ], "texture": "#texture" },
        "up":    { "uv": [ 2.75, 2.25, 5.25, 4.5 ], "texture": "#texture" },
        "north": { "uv": [ 2.25, 1.75, 4.75, 3.75 ], "texture": "#texture" },
        "south": { "uv": [ 1.75, 1.75, 4.25, 3.75 ], "texture": "#texture" },
        "west":  { "uv": [ 2.75, 1.5, 5, 3.5 ], "texture": "#texture" },
        "east":  { "uv": [ 2, 0.75, 4.25, 2.75 ], "texture": "#texture" }
    }
},
{
    "__comment": "barrel*",
    "from": [ 7.625, 11, 7.125 ],
    "to": [ 8.375, 11.125, 7.5 ],
    "faces": {
        "down":  { "uv": [ 2.5, 1.75, 5.25, 4.25 ], "texture": "#texture" },
        "up":    { "uv": [ 2.75, 2.25, 5.25, 4.5 ], "texture": "#texture" },
        "north": { "uv": [ 2.25, 1.75, 4.75, 3.75 ], "texture": "#texture" },
        "south": { "uv": [ 1.75, 1.75, 4.25, 3.75 ], "texture": "#texture" },
        "west":  { "uv": [ 2.75, 1.5, 5, 3.5 ], "texture": "#texture" },
        "east":  { "uv": [ 2, 0.75, 4.25, 2.75 ], "texture": "#texture" }
    }
},
{
    "__comment": "barrel*",
    "from": [ 7.625, 11, 7.875 ],
    "to": [ 8.375, 11.125, 8.25 ],
    "faces": {
        "down":  { "uv": [ 2.5, 1.75, 5.25, 4.25 ], "texture": "#texture" },
        "up":    { "uv": [ 2.75, 2.25, 5.25, 4.5 ], "texture": "#texture" },
        "north": { "uv": [ 2.25, 1.75, 4.75, 3.75 ], "texture": "#texture" },
        "south": { "uv": [ 1.75, 1.75, 4.25, 3.75 ], "texture": "#texture" },
        "west":  { "uv": [ 2.75, 1.5, 5, 3.5 ], "texture": "#texture" },
        "east":  { "uv": [ 2, 0.75, 4.25, 2.75 ], "texture": "#texture" }
    }
},
{
    "__comment": "barrel*",
    "from": [ 7.375, 11, 8.25 ],
    "to": [ 8.625, 11.125, 10.25 ],
    "faces": {
        "down":  { "uv": [ 2.5, 1.75, 5.25, 4.25 ], "texture": "#texture" },
        "up":    { "uv": [ 2.75, 2.25, 5.25, 4.5 ], "texture": "#texture" },
        "north": { "uv": [ 2.25, 1.75, 4.75, 3.75 ], "texture": "#texture" },
        "south": { "uv": [ 1.75, 1.75, 4.25, 3.75 ], "texture": "#texture" },
        "west":  { "uv": [ 2.75, 1.5, 5, 3.5 ], "texture": "#texture" },
        "east":  { "uv": [ 2, 0.75, 4.25, 2.75 ], "texture": "#texture" }
    }
},
{
    "from": [ 7, 8.3, 0.75 ],
    "to": [ 9, 9, 1.25 ],
    "rotation": { "origin": [ 7, 9, 0.75 ], "axis": "x", "angle": -45 },
    "faces": {
        "down":  { "uv": [ 2.5, 1.75, 5.25, 4.25 ], "texture": "#texture" },
        "up":    { "uv": [ 2.75, 2.25, 5.25, 4.5 ], "texture": "#texture" },
        "north": { "uv": [ 2.25, 1.75, 4.75, 3.75 ], "texture": "#texture" },
        "south": { "uv": [ 1.75, 1.75, 4.25, 3.75 ], "texture": "#texture" },
        "west":  { "uv": [ 2.75, 1.5, 5, 3.5 ], "texture": "#texture" },
        "east":  { "uv": [ 2, 0.75, 4.25, 2.75 ], "texture": "#texture" }
    }
},
{
    "__comment": "barrel*",
    "from": [ 6.75, 9.25, 0.75 ],
    "to": [ 7.45, 9.75, 10.25 ],
    "rotation": { "origin": [ 6.75, 9.75, 0.75 ], "axis": "z", "angle": 45 },
    "faces": {
        "down":  { "uv": [ 2.5, 1.75, 5.25, 4.25 ], "texture": "#texture" },
        "up":    { "uv": [ 2.75, 2.25, 5.25, 4.5 ], "texture": "#texture" },
        "north": { "uv": [ 2.25, 1.75, 4.75, 3.75 ], "texture": "#texture" },
        "south": { "uv": [ 1.75, 1.75, 4.25, 3.75 ], "texture": "#texture" },
        "west":  { "uv": [ 2.75, 1.5, 5, 3.5 ], "texture": "#texture" },
        "east":  { "uv": [ 2, 0.75, 4.25, 2.75 ], "texture": "#texture" }
    }
},
{
    "__comment": "barrel*",
    "from": [ 8.72856, 9.75, 0.75 ],
    "to": [ 9.42856, 10.25, 10.25 ],
    "rotation": { "origin": [ 8.72856, 10.25, 0.75 ], "axis": "z", "angle": -45 },
    "faces": {
        "down":  { "uv": [ 2.5, 1.75, 5.25, 4.25 ], "texture": "#texture" },
        "up":    { "uv": [ 2.75, 2.25, 5.25, 4.5 ], "texture": "#texture" },
        "north": { "uv": [ 2.25, 1.75, 4.75, 3.75 ], "texture": "#texture" },
        "south": { "uv": [ 1.75, 1.75, 4.25, 3.75 ], "texture": "#texture" },
        "west":  { "uv": [ 2.75, 1.5, 5, 3.5 ], "texture": "#texture" },
        "east":  { "uv": [ 2, 0.75, 4.25, 2.75 ], "texture": "#texture" }
    }
},
{
    "__comment": "barrel*",
    "from": [ 7.25, 9.75, 0.75 ],
    "to": [ 7.75, 10, 8.25 ],
    "faces": {
        "down":  { "uv": [ 2.5, 1.75, 5.25, 4.25 ], "texture": "#texture" },
        "up":    { "uv": [ 2.75, 2.25, 5.25, 4.5 ], "texture": "#texture" },
        "north": { "uv": [ 2.25, 1.75, 4.75, 3.75 ], "texture": "#texture" },
        "south": { "uv": [ 1.75, 1.75, 4.25, 3.75 ], "texture": "#texture" },
        "west":  { "uv": [ 2.75, 1.5, 5, 3.5 ], "texture": "#texture" },
        "east":  { "uv": [ 2, 0.75, 4.25, 2.75 ], "texture": "#texture" }
    }
},
{
    "__comment": "barrel*",
    "from": [ 8.25, 9.75, 0.75 ],
    "to": [ 8.75, 10, 8.25 ],
    "faces": {
        "down":  { "uv": [ 2.5, 1.75, 5.25, 4.25 ], "texture": "#texture" },
        "up":    { "uv": [ 2.75, 2.25, 5.25, 4.5 ], "texture": "#texture" },
        "north": { "uv": [ 2.25, 1.75, 4.75, 3.75 ], "texture": "#texture" },
        "south": { "uv": [ 1.75, 1.75, 4.25, 3.75 ], "texture": "#texture" },
        "west":  { "uv": [ 2.75, 1.5, 5, 3.5 ], "texture": "#texture" },
        "east":  { "uv": [ 2, 0.75, 4.25, 2.75 ], "texture": "#texture" }
    }
},
{
    "__comment": "barrel*",
    "from": [ 8.25, 10, 0.75 ],
    "to": [ 9, 10.25, 8.25 ],
    "faces": {
        "down":  { "uv": [ 2.5, 1.75, 5.25, 4.25 ], "texture": "#texture" },
        "up":    { "uv": [ 2.75, 2.25, 5.25, 4.5 ], "texture": "#texture" },
        "north": { "uv": [ 2.25, 1.75, 4.75, 3.75 ], "texture": "#texture" },
        "south": { "uv": [ 1.75, 1.75, 4.25, 3.75 ], "texture": "#texture" },
        "west":  { "uv": [ 2.75, 1.5, 5, 3.5 ], "texture": "#texture" },
        "east":  { "uv": [ 2, 0.75, 4.25, 2.75 ], "texture": "#texture" }
    }
},
{
    "from": [ 7.875, 11.125, 0.75 ],
    "to": [ 8.125, 11.625, 1.25 ],
    "faces": {
        "down":  { "uv": [ 2.5, 9, 5.25, 11.5 ], "texture": "#texture" },
        "up":    { "uv": [ 1.25, 9.25, 3.75, 11.5 ], "texture": "#texture" },
        "north": { "uv": [ 1.25, 9.5, 3.75, 11.5 ], "texture": "#texture" },
        "south": { "uv": [ 2, 8.5, 4.5, 10.5 ], "texture": "#texture" },
        "west":  { "uv": [ 2, 9.5, 4.25, 11.5 ], "texture": "#texture" },
        "east":  { "uv": [ 2.25, 7.75, 4.5, 9.75 ], "texture": "#texture" }
    }
},
{
    "from": [ 7.875, 11.125, 1.25 ],
    "to": [ 8.125, 11.625, 2.25 ],
    "rotation": { "origin": [ 7.875, 11.625, 1.25 ], "axis": "x", "angle": 45 },
    "faces": {
        "down":  { "uv": [ 2.5, 9, 5.25, 11.5 ], "texture": "#texture" },
        "up":    { "uv": [ 1.25, 9.25, 3.75, 11.5 ], "texture": "#texture" },
        "north": { "uv": [ 1.25, 9.5, 3.75, 11.5 ], "texture": "#texture" },
        "south": { "uv": [ 2, 8.5, 4.5, 10.5 ], "texture": "#texture" },
        "west":  { "uv": [ 2, 9.5, 4.25, 11.5 ], "texture": "#texture" },
        "east":  { "uv": [ 2.25, 7.75, 4.5, 9.75 ], "texture": "#texture" }
    }
},
{
    "from": [ 7.5, 8.5, 14.5 ],
    "to": [ 8.5, 9, 15.5 ],
    "faces": {
        "down":  { "uv": [ 2.5, 1.75, 5.25, 4.25 ], "texture": "#texture" },
        "up":    { "uv": [ 2.75, 2.25, 5.25, 4.5 ], "texture": "#texture" },
        "north": { "uv": [ 2.25, 1.75, 4.75, 3.75 ], "texture": "#texture" },
        "south": { "uv": [ 1.75, 1.75, 4.25, 3.75 ], "texture": "#texture" },
        "west":  { "uv": [ 2.75, 1.5, 5, 3.5 ], "texture": "#texture" },
        "east":  { "uv": [ 2, 0.75, 4.25, 2.75 ], "texture": "#texture" }
    }
},
{
    "from": [ 7.125, 8.5, 14.375 ],
    "to": [ 7.625, 9, 15.375 ],
    "rotation": { "origin": [ 7.125, 8.5, 14.375 ], "axis": "y", "angle": 22.5 },
    "faces": {
        "down":  { "uv": [ 2.5, 1.75, 5.25, 4.25 ], "texture": "#texture" },
        "up":    { "uv": [ 2.75, 2.25, 5.25, 4.5 ], "texture": "#texture" },
        "north": { "uv": [ 2.25, 1.75, 4.75, 3.75 ], "texture": "#texture" },
        "south": { "uv": [ 1.75, 1.75, 4.25, 3.75 ], "texture": "#texture" },
        "west":  { "uv": [ 2.75, 1.5, 5, 3.5 ], "texture": "#texture" },
        "east":  { "uv": [ 2, 0.75, 4.25, 2.75 ], "texture": "#texture" }
    }
},
{
    "from": [ 8.375, 8.5, 14.25 ],
    "to": [ 8.875, 9, 15.25 ],
    "rotation": { "origin": [ 8.375, 8.5, 14.25 ], "axis": "y", "angle": -22.5 },
    "faces": {
        "down":  { "uv": [ 2.5, 1.75, 5.25, 4.25 ], "texture": "#texture" },
        "up":    { "uv": [ 2.75, 2.25, 5.25, 4.5 ], "texture": "#texture" },
        "north": { "uv": [ 2.25, 1.75, 4.75, 3.75 ], "texture": "#texture" },
        "south": { "uv": [ 1.75, 1.75, 4.25, 3.75 ], "texture": "#texture" },
        "west":  { "uv": [ 2.75, 1.5, 5, 3.5 ], "texture": "#texture" },
        "east":  { "uv": [ 2, 0.75, 4.25, 2.75 ], "texture": "#texture" }
    }
},
{
    "__comment": "handle",
    "from": [ 7.5, 7.5, 7.5 ],
    "to": [ 8.5, 8.5, 8.375 ],
    "faces": {
        "down":  { "uv": [ 2.5, 1.75, 5.25, 4.25 ], "texture": "#texture" },
        "up":    { "uv": [ 2.75, 2.25, 5.25, 4.5 ], "texture": "#texture" },
        "north": { "uv": [ 2.25, 1.75, 4.75, 3.75 ], "texture": "#texture" },
        "south": { "uv": [ 1.75, 1.75, 4.25, 3.75 ], "texture": "#texture" },
        "west":  { "uv": [ 2.75, 1.5, 5, 3.5 ], "texture": "#texture" },
        "east":  { "uv": [ 2, 0.75, 4.25, 2.75 ], "texture": "#texture" }
    }
},
{
    "__comment": "handle",
    "from": [ 7.5, 8.45, 6.24 ],
    "to": [ 8.5, 9.075, 7.865 ],
    "rotation": { "origin": [ 7.5, 9.075, 6.24 ], "axis": "x", "angle": 22.5 },
    "faces": {
        "down":  { "uv": [ 2.5, 1.75, 5.25, 4.25 ], "texture": "#texture" },
        "up":    { "uv": [ 2.75, 2.25, 5.25, 4.5 ], "texture": "#texture" },
        "north": { "uv": [ 2.25, 1.75, 4.75, 3.75 ], "texture": "#texture" },
        "south": { "uv": [ 1.75, 1.75, 4.25, 3.75 ], "texture": "#texture" },
        "west":  { "uv": [ 2.75, 1.5, 5, 3.5 ], "texture": "#texture" },
        "east":  { "uv": [ 2, 0.75, 4.25, 2.75 ], "texture": "#texture" }
    }
},
{
    "__comment": "handle",
    "from": [ 7.5, 7.6875, 7.9275 ],
    "to": [ 8.5, 8.3125, 9.3025 ],
    "rotation": { "origin": [ 7.5, 8.3125, 7.9275 ], "axis": "x", "angle": -45 },
    "faces": {
        "down":  { "uv": [ 2.5, 1.75, 5.25, 4.25 ], "texture": "#texture" },
        "up":    { "uv": [ 2.75, 2.25, 5.25, 4.5 ], "texture": "#texture" },
        "north": { "uv": [ 2.25, 1.75, 4.75, 3.75 ], "texture": "#texture" },
        "south": { "uv": [ 1.75, 1.75, 4.25, 3.75 ], "texture": "#texture" },
        "west":  { "uv": [ 2.75, 1.5, 5, 3.5 ], "texture": "#texture" },
        "east":  { "uv": [ 2, 0.75, 4.25, 2.75 ], "texture": "#texture" }
    }
},
{
    "__comment": "handle",
    "from": [ 7.5, 8.125, 8.625 ],
    "to": [ 8.5, 8.75, 10.375 ],
    "faces": {
        "down":  { "uv": [ 2.5, 1.75, 5.25, 4.25 ], "texture": "#texture" },
        "up":    { "uv": [ 2.75, 2.25, 5.25, 4.5 ], "texture": "#texture" },
        "north": { "uv": [ 2.25, 1.75, 4.75, 3.75 ], "texture": "#texture" },
        "south": { "uv": [ 1.75, 1.75, 4.25, 3.75 ], "texture": "#texture" },
        "west":  { "uv": [ 2.75, 1.5, 5, 3.5 ], "texture": "#texture" },
        "east":  { "uv": [ 2, 0.75, 4.25, 2.75 ], "texture": "#texture" }
    }
},
{
    "__comment": "handle",
    "from": [ 7.5, 6.875, 9.375 ],
    "to": [ 8.5, 8.25, 10 ],
    "rotation": { "origin": [ 7.5, 8.25, 9.375 ], "axis": "x", "angle": -45 },
    "faces": {
        "down":  { "uv": [ 2.5, 1.75, 5.25, 4.25 ], "texture": "#texture" },
        "up":    { "uv": [ 2.75, 2.25, 5.25, 4.5 ], "texture": "#texture" },
        "north": { "uv": [ 2.25, 1.75, 4.75, 3.75 ], "texture": "#texture" },
        "south": { "uv": [ 1.75, 1.75, 4.25, 3.75 ], "texture": "#texture" },
        "west":  { "uv": [ 2.75, 1.5, 5, 3.5 ], "texture": "#texture" },
        "east":  { "uv": [ 2, 0.75, 4.25, 2.75 ], "texture": "#texture" }
    }
},
{
    "__comment": "handle",
    "from": [ 7.5, 6.375, 10.125 ],
    "to": [ 8.5, 7.75, 10.75 ],
    "faces": {
        "down":  { "uv": [ 2.5, 1.75, 5.25, 4.25 ], "texture": "#texture" },
        "up":    { "uv": [ 2.75, 2.25, 5.25, 4.5 ], "texture": "#texture" },
        "north": { "uv": [ 2.25, 1.75, 4.75, 3.75 ], "texture": "#texture" },
        "south": { "uv": [ 1.75, 1.75, 4.25, 3.75 ], "texture": "#texture" },
        "west":  { "uv": [ 2.75, 1.5, 5, 3.5 ], "texture": "#texture" },
        "east":  { "uv": [ 2, 0.75, 4.25, 2.75 ], "texture": "#texture" }
    }
},
{
    "__comment": "handle",
    "from": [ 7.5, 5.625, 10.5 ],
    "to": [ 8.5, 7, 11.125 ],
    "rotation": { "origin": [ 7.5, 7, 10.5 ], "axis": "x", "angle": 45 },
    "faces": {
        "down":  { "uv": [ 2.5, 1.75, 5.25, 4.25 ], "texture": "#texture" },
        "up":    { "uv": [ 2.75, 2.25, 5.25, 4.5 ], "texture": "#texture" },
        "north": { "uv": [ 2.25, 1.75, 4.75, 3.75 ], "texture": "#texture" },
        "south": { "uv": [ 1.75, 1.75, 4.25, 3.75 ], "texture": "#texture" },
        "west":  { "uv": [ 2.75, 1.5, 5, 3.5 ], "texture": "#texture" },
        "east":  { "uv": [ 2, 0.75, 4.25, 2.75 ], "texture": "#texture" }
    }
},
{
    "__comment": "handle",
    "from": [ 7.5, 4.615, 9.5625 ],
    "to": [ 8.5, 5.99, 10.1875 ],
    "rotation": { "origin": [ 7.5, 5.99, 9.5625 ], "axis": "x", "angle": -45 },
    "faces": {
        "down":  { "uv": [ 2.5, 1.75, 5.25, 4.25 ], "texture": "#texture" },
        "up":    { "uv": [ 2.75, 2.25, 5.25, 4.5 ], "texture": "#texture" },
        "north": { "uv": [ 2.25, 1.75, 4.75, 3.75 ], "texture": "#texture" },
        "south": { "uv": [ 1.75, 1.75, 4.25, 3.75 ], "texture": "#texture" },
        "west":  { "uv": [ 2.75, 1.5, 5, 3.5 ], "texture": "#texture" },
        "east":  { "uv": [ 2, 0.75, 4.25, 2.75 ], "texture": "#texture" }
    }
},
{
    "__comment": "handle",
    "from": [ 7.5, 5.875, 7.75 ],
    "to": [ 8.5, 6.125, 9.875 ],
    "faces": {
        "down":  { "uv": [ 2.5, 1.75, 5.25, 4.25 ], "texture": "#texture" },
        "up":    { "uv": [ 2.75, 2.25, 5.25, 4.5 ], "texture": "#texture" },
        "north": { "uv": [ 2.25, 1.75, 4.75, 3.75 ], "texture": "#texture" },
        "south": { "uv": [ 1.75, 1.75, 4.25, 3.75 ], "texture": "#texture" },
        "west":  { "uv": [ 2.75, 1.5, 5, 3.5 ], "texture": "#texture" },
        "east":  { "uv": [ 2, 0.75, 4.25, 2.75 ], "texture": "#texture" }
    }
},
{
    "__comment": "handle",
    "from": [ 7.5, 6.125, 7.75 ],
    "to": [ 8.5, 7.875, 8 ],
    "faces": {
        "down":  { "uv": [ 2.5, 1.75, 5.25, 4.25 ], "texture": "#texture" },
        "up":    { "uv": [ 2.75, 2.25, 5.25, 4.5 ], "texture": "#texture" },
        "north": { "uv": [ 2.25, 1.75, 4.75, 3.75 ], "texture": "#texture" },
        "south": { "uv": [ 1.75, 1.75, 4.25, 3.75 ], "texture": "#texture" },
        "west":  { "uv": [ 2.75, 1.5, 5, 3.5 ], "texture": "#texture" },
        "east":  { "uv": [ 2, 0.75, 4.25, 2.75 ], "texture": "#texture" }
    }
},
{
    "__comment": "handle",
    "from": [ 7.5, 7.375, 7.625 ],
    "to": [ 8.5, 7.5, 8.25 ],
    "faces": {
        "down":  { "uv": [ 2.5, 1.75, 5.25, 4.25 ], "texture": "#texture" },
        "up":    { "uv": [ 2.75, 2.25, 5.25, 4.5 ], "texture": "#texture" },
        "north": { "uv": [ 2.25, 1.75, 4.75, 3.75 ], "texture": "#texture" },
        "south": { "uv": [ 1.75, 1.75, 4.25, 3.75 ], "texture": "#texture" },
        "west":  { "uv": [ 2.75, 1.5, 5, 3.5 ], "texture": "#texture" },
        "east":  { "uv": [ 2, 0.75, 4.25, 2.75 ], "texture": "#texture" }
    }
},
{
    "__comment": "handle",
    "from": [ 7.5, 7.125, 7.5 ],
    "to": [ 8.5, 7.5, 7.75 ],
    "rotation": { "origin": [ 7.5, 7.5, 7.5 ], "axis": "x", "angle": -45 },
    "faces": {
        "down":  { "uv": [ 2.5, 1.75, 5.25, 4.25 ], "texture": "#texture" },
        "up":    { "uv": [ 2.75, 2.25, 5.25, 4.5 ], "texture": "#texture" },
        "north": { "uv": [ 2.25, 1.75, 4.75, 3.75 ], "texture": "#texture" },
        "south": { "uv": [ 1.75, 1.75, 4.25, 3.75 ], "texture": "#texture" },
        "west":  { "uv": [ 2.75, 1.5, 5, 3.5 ], "texture": "#texture" },
        "east":  { "uv": [ 2, 0.75, 4.25, 2.75 ], "texture": "#texture" }
    }
},
{
    "__comment": "handle",
    "from": [ 7.5, 6.97, 7.75 ],
    "to": [ 8.5, 7.22, 8.375 ],
    "rotation": { "origin": [ 7.5, 7.22, 7.75 ], "axis": "x", "angle": -45 },
    "faces": {
        "down":  { "uv": [ 2.5, 1.75, 5.25, 4.25 ], "texture": "#texture" },
        "up":    { "uv": [ 2.75, 2.25, 5.25, 4.5 ], "texture": "#texture" },
        "north": { "uv": [ 2.25, 1.75, 4.75, 3.75 ], "texture": "#texture" },
        "south": { "uv": [ 1.75, 1.75, 4.25, 3.75 ], "texture": "#texture" },
        "west":  { "uv": [ 2.75, 1.5, 5, 3.5 ], "texture": "#texture" },
        "east":  { "uv": [ 2, 0.75, 4.25, 2.75 ], "texture": "#texture" }
    }
},
{
    "__comment": "handle",
    "from": [ 7.5, 5.75, 7.5 ],
    "to": [ 8.5, 6.125, 7.875 ],
    "rotation": { "origin": [ 7.5, 6.125, 7.5 ], "axis": "x", "angle": -45 },
    "faces": {
        "down":  { "uv": [ 2.5, 1.75, 5.25, 4.25 ], "texture": "#texture" },
        "up":    { "uv": [ 2.75, 2.25, 5.25, 4.5 ], "texture": "#texture" },
        "north": { "uv": [ 2.25, 1.75, 4.75, 3.75 ], "texture": "#texture" },
        "south": { "uv": [ 1.75, 1.75, 4.25, 3.75 ], "texture": "#texture" },
        "west":  { "uv": [ 2.75, 1.5, 5, 3.5 ], "texture": "#texture" },
        "east":  { "uv": [ 2, 0.75, 4.25, 2.75 ], "texture": "#texture" }
    }
},
{
    "__comment": "handle",
    "from": [ 7.875, 7, 9 ],
    "to": [ 8.125, 8.25, 9.5 ],
    "rotation": { "origin": [ 7.875, 8.25, 9 ], "axis": "x", "angle": -22.5 },
    "faces": {
        "down":  { "uv": [ 2.5, 1.75, 5.25, 4.25 ], "texture": "#texture" },
        "up":    { "uv": [ 2.75, 2.25, 5.25, 4.5 ], "texture": "#texture" },
        "north": { "uv": [ 2.25, 1.75, 4.75, 3.75 ], "texture": "#texture" },
        "south": { "uv": [ 1.75, 1.75, 4.25, 3.75 ], "texture": "#texture" },
        "west":  { "uv": [ 2.75, 1.5, 5, 3.5 ], "texture": "#texture" },
        "east":  { "uv": [ 2, 0.75, 4.25, 2.75 ], "texture": "#texture" }
    }
},
{
    "__comment": "handle",
    "from": [ 7.875, 6.8, 9.47 ],
    "to": [ 8.125, 7.4875, 9.97 ],
    "rotation": { "origin": [ 7.875, 7.4875, 9.47 ], "axis": "x", "angle": 22.5 },
    "faces": {
        "down":  { "uv": [ 2.5, 1.75, 5.25, 4.25 ], "texture": "#texture" },
        "up":    { "uv": [ 2.75, 2.25, 5.25, 4.5 ], "texture": "#texture" },
        "north": { "uv": [ 2.25, 1.75, 4.75, 3.75 ], "texture": "#texture" },
        "south": { "uv": [ 1.75, 1.75, 4.25, 3.75 ], "texture": "#texture" },
        "west":  { "uv": [ 2.75, 1.5, 5, 3.5 ], "texture": "#texture" },
        "east":  { "uv": [ 2, 0.75, 4.25, 2.75 ], "texture": "#texture" }
    }
},
{
    "__comment": "handle",
    "from": [ 7.875, 6.55, 9.5 ],
    "to": [ 8.125, 7.05, 9.75 ],
    "rotation": { "origin": [ 7.875, 7.05, 9.5 ], "axis": "x", "angle": 45 },
    "faces": {
        "down":  { "uv": [ 2.5, 1.75, 5.25, 4.25 ], "texture": "#texture" },
        "up":    { "uv": [ 2.75, 2.25, 5.25, 4.5 ], "texture": "#texture" },
        "north": { "uv": [ 2.25, 1.75, 4.75, 3.75 ], "texture": "#texture" },
        "south": { "uv": [ 1.75, 1.75, 4.25, 3.75 ], "texture": "#texture" },
        "west":  { "uv": [ 2.75, 1.5, 5, 3.5 ], "texture": "#texture" },
        "east":  { "uv": [ 2, 0.75, 4.25, 2.75 ], "texture": "#texture" }
    }
},
{
    "__comment": "handle",
    "from": [ 7.875, 6.4975, 9.23 ],
    "to": [ 8.125, 6.7475, 9.605 ],
    "rotation": { "origin": [ 7.875, 6.7475, 9.23 ], "axis": "x", "angle": -22.5 },
    "faces": {
        "down":  { "uv": [ 2.5, 1.75, 5.25, 4.25 ], "texture": "#texture" },
        "up":    { "uv": [ 2.75, 2.25, 5.25, 4.5 ], "texture": "#texture" },
        "north": { "uv": [ 2.25, 1.75, 4.75, 3.75 ], "texture": "#texture" },
        "south": { "uv": [ 1.75, 1.75, 4.25, 3.75 ], "texture": "#texture" },
        "west":  { "uv": [ 2.75, 1.5, 5, 3.5 ], "texture": "#texture" },
        "east":  { "uv": [ 2, 0.75, 4.25, 2.75 ], "texture": "#texture" }
    }
},
{
    "__comment": "handle",
    "from": [ 7.875, 6.68, 9.2425 ],
    "to": [ 8.125, 6.93, 9.43 ],
    "rotation": { "origin": [ 7.875, 6.93, 9.2425 ], "axis": "x", "angle": 22.5 },
    "faces": {
        "down":  { "uv": [ 2.5, 1.75, 5.25, 4.25 ], "texture": "#texture" },
        "up":    { "uv": [ 2.75, 2.25, 5.25, 4.5 ], "texture": "#texture" },
        "north": { "uv": [ 2.25, 1.75, 4.75, 3.75 ], "texture": "#texture" },
        "south": { "uv": [ 1.75, 1.75, 4.25, 3.75 ], "texture": "#texture" },
        "west":  { "uv": [ 2.75, 1.5, 5, 3.5 ], "texture": "#texture" },
        "east":  { "uv": [ 2, 0.75, 4.25, 2.75 ], "texture": "#texture" }
    }
},
{
    "__comment": "handle",
    "from": [ 7.25, 5.125, 10.375 ],
    "to": [ 8.75, 8.5, 12.25 ],
    "faces": {
        "down":  { "uv": [ 2.5, 1.75, 5.25, 4.25 ], "texture": "#texture" },
        "up":    { "uv": [ 2.75, 2.25, 5.25, 4.5 ], "texture": "#texture" },
        "north": { "uv": [ 2.25, 1.75, 4.75, 3.75 ], "texture": "#texture" },
        "south": { "uv": [ 1.75, 1.75, 4.25, 3.75 ], "texture": "#texture" },
        "west":  { "uv": [ 2.75, 1.5, 5, 3.5 ], "texture": "#texture" },
        "east":  { "uv": [ 2, 0.75, 4.25, 2.75 ], "texture": "#texture" }
    }
},
{
    "__comment": "handle",
    "from": [ 7.25, 1.6875, 10.375 ],
    "to": [ 8.75, 5.1875, 12 ],
    "rotation": { "origin": [ 7.25, 5.1875, 10.375 ], "axis": "x", "angle": -22.5 },
    "faces": {
        "down":  { "uv": [ 2.5, 1.75, 5.25, 4.25 ], "texture": "#texture" },
        "up":    { "uv": [ 2.75, 2.25, 5.25, 4.5 ], "texture": "#texture" },
        "north": { "uv": [ 2.25, 1.75, 4.75, 3.75 ], "texture": "#texture" },
        "south": { "uv": [ 1.75, 1.75, 4.25, 3.75 ], "texture": "#texture" },
        "west":  { "uv": [ 2.75, 1.5, 5, 3.5 ], "texture": "#texture" },
        "east":  { "uv": [ 2, 0.75, 4.25, 2.75 ], "texture": "#texture" }
    }
},
{
    "__comment": "handle",
    "from": [ 7.25, 1.5, 11.5 ],
    "to": [ 8.75, 3.125, 14.5 ],
    "faces": {
        "down":  { "uv": [ 2.5, 1.75, 5.25, 4.25 ], "texture": "#texture" },
        "up":    { "uv": [ 2.75, 2.25, 5.25, 4.5 ], "texture": "#texture" },
        "north": { "uv": [ 2.25, 1.75, 4.75, 3.75 ], "texture": "#texture" },
        "south": { "uv": [ 1.75, 1.75, 4.25, 3.75 ], "texture": "#texture" },
        "west":  { "uv": [ 2.75, 1.5, 5, 3.5 ], "texture": "#texture" },
        "east":  { "uv": [ 2, 0.75, 4.25, 2.75 ], "texture": "#texture" }
    }
},
{
    "from": [ 7.5, 7.75, 13.3125 ],
    "to": [ 8.5, 8.125, 15.4375 ],
    "rotation": { "origin": [ 7.5, 8.125, 13.3125 ], "axis": "x", "angle": -22.5 },
    "faces": {
        "down":  { "uv": [ 2.5, 1.75, 5.25, 4.25 ], "texture": "#texture" },
        "up":    { "uv": [ 2.75, 2.25, 5.25, 4.5 ], "texture": "#texture" },
        "north": { "uv": [ 2.25, 1.75, 4.75, 3.75 ], "texture": "#texture" },
        "south": { "uv": [ 1.75, 1.75, 4.25, 3.75 ], "texture": "#texture" },
        "west":  { "uv": [ 2.75, 1.5, 5, 3.5 ], "texture": "#texture" },
        "east":  { "uv": [ 2, 0.75, 4.25, 2.75 ], "texture": "#texture" }
    }
},
{
    "from": [ 7.5, 6.5, 13.6875 ],
    "to": [ 8.5, 8.75, 14.5625 ],
    "rotation": { "origin": [ 7.5, 8.75, 13.6875 ], "axis": "x", "angle": 22.5 },
    "faces": {
        "down":  { "uv": [ 2.5, 1.75, 5.25, 4.25 ], "texture": "#texture" },
        "up":    { "uv": [ 2.75, 2.25, 5.25, 4.5 ], "texture": "#texture" },
        "north": { "uv": [ 2.25, 1.75, 4.75, 3.75 ], "texture": "#texture" },
        "south": { "uv": [ 1.75, 1.75, 4.25, 3.75 ], "texture": "#texture" },
        "west":  { "uv": [ 2.75, 1.5, 5, 3.5 ], "texture": "#texture" },
        "east":  { "uv": [ 2, 0.75, 4.25, 2.75 ], "texture": "#texture" }
    }
},
{
    "__comment": "handle*",
    "from": [ 7.25, 6.375, 12.25 ],
    "to": [ 8.75, 8.5, 13.625 ],
    "faces": {
        "down":  { "uv": [ 2.5, 1.75, 5.25, 4.25 ], "texture": "#texture" },
        "up":    { "uv": [ 2.75, 2.25, 5.25, 4.5 ], "texture": "#texture" },
        "north": { "uv": [ 2.25, 1.75, 4.75, 3.75 ], "texture": "#texture" },
        "south": { "uv": [ 1.75, 1.75, 4.25, 3.75 ], "texture": "#texture" },
        "west":  { "uv": [ 2.75, 1.5, 5, 3.5 ], "texture": "#texture" },
        "east":  { "uv": [ 2, 0.75, 4.25, 2.75 ], "texture": "#texture" }
    }
},
{
    "__comment": "handle*",
    "from": [ 7.125, 4.625, 11 ],
    "to": [ 8.875, 6.375, 13.625 ],
    "faces": {
        "down":  { "uv": [ 1.125, 7.125, 3.875, 9.625 ], "texture": "#texture" },
        "up":    { "uv": [ 1.5, 7.875, 4, 10.125 ], "texture": "#texture" },
        "north": { "uv": [ 1.75, 8.75, 4.25, 10.75 ], "texture": "#texture" },
        "south": { "uv": [ 0.5, 7.625, 3, 9.625 ], "texture": "#texture" },
        "west":  { "uv": [ 1.75, 9, 4, 11 ], "texture": "#texture" },
        "east":  { "uv": [ 2.125, 8.75, 4.375, 10.75 ], "texture": "#texture" }
    }
},
{
    "__comment": "handle*",
    "from": [ 7.125, 1.875, 11 ],
    "to": [ 8.875, 4.625, 13.75 ],
    "rotation": { "origin": [ 7.125, 4.625, 11 ], "axis": "x", "angle": -22.5 },
    "faces": {
        "down":  { "uv": [ 1.125, 7.125, 3.875, 9.625 ], "texture": "#texture" },
        "up":    { "uv": [ 1.5, 7.875, 4, 10.125 ], "texture": "#texture" },
        "north": { "uv": [ 1.75, 8.75, 4.25, 10.75 ], "texture": "#texture" },
        "south": { "uv": [ 0.5, 7.375, 3, 9.375 ], "texture": "#texture" },
        "west":  { "uv": [ 1.75, 9, 4, 11 ], "texture": "#texture" },
        "east":  { "uv": [ 2.125, 8.75, 4.375, 10.75 ], "texture": "#texture" }
    }
},
{
    "__comment": "handle*",
    "from": [ 7.125, 1.875, 12.125 ],
    "to": [ 8.875, 3.125, 14.625 ],
    "faces": {
        "down":  { "uv": [ 1.125, 7.125, 3.875, 9.625 ], "texture": "#texture" },
        "up":    { "uv": [ 1.5, 7.875, 4, 10.125 ], "texture": "#texture" },
        "north": { "uv": [ 1.75, 8.75, 4.25, 10.75 ], "texture": "#texture" },
        "south": { "uv": [ 0.5, 7.375, 3, 9.375 ], "texture": "#texture" },
        "west":  { "uv": [ 1.75, 9, 4, 11 ], "texture": "#texture" },
        "east":  { "uv": [ 2.125, 8.75, 4.375, 10.75 ], "texture": "#texture" }
    }
},
{
    "__comment": "handle*",
    "from": [ 7.25, 1.5, 10.625 ],
    "to": [ 8.75, 2, 11.5 ],
    "faces": {
        "down":  { "uv": [ 2.5, 1.75, 5.25, 4.25 ], "texture": "#texture" },
        "up":    { "uv": [ 2.75, 2.25, 5.25, 4.5 ], "texture": "#texture" },
        "north": { "uv": [ 2.25, 1.75, 4.75, 3.75 ], "texture": "#texture" },
        "south": { "uv": [ 1.75, 1.75, 4.25, 3.75 ], "texture": "#texture" },
        "west":  { "uv": [ 2.75, 1.5, 5, 3.5 ], "texture": "#texture" },
        "east":  { "uv": [ 2, 0.75, 4.25, 2.75 ], "texture": "#texture" }
    }
},
{
    "__comment": "handle*",
    "from": [ 7.25, 1.5, 10.625 ],
    "to": [ 8.75, 2, 11.875 ],
    "rotation": { "origin": [ 7.25, 2, 10.625 ], "axis": "x", "angle": -22.5 },
    "faces": {
        "down":  { "uv": [ 2.5, 1.75, 5.25, 4.25 ], "texture": "#texture" },
        "up":    { "uv": [ 2.75, 2.25, 5.25, 4.5 ], "texture": "#texture" },
        "north": { "uv": [ 2.25, 1.75, 4.75, 3.75 ], "texture": "#texture" },
        "south": { "uv": [ 1.75, 1.75, 4.25, 3.75 ], "texture": "#texture" },
        "west":  { "uv": [ 2.75, 1.5, 5, 3.5 ], "texture": "#texture" },
        "east":  { "uv": [ 2, 0.75, 4.25, 2.75 ], "texture": "#texture" }
    }
},
{
    "__comment": "handle*",
    "from": [ 7.25, 1.5, 10.875 ],
    "to": [ 8.75, 2, 12.125 ],
    "rotation": { "origin": [ 7.25, 2, 10.875 ], "axis": "x", "angle": -45 },
    "faces": {
        "down":  { "uv": [ 2.5, 1.75, 5.25, 4.25 ], "texture": "#texture" },
        "up":    { "uv": [ 2.75, 2.25, 5.25, 4.5 ], "texture": "#texture" },
        "north": { "uv": [ 2.25, 1.75, 4.75, 3.75 ], "texture": "#texture" },
        "south": { "uv": [ 1.75, 1.75, 4.25, 3.75 ], "texture": "#texture" },
        "west":  { "uv": [ 2.75, 1.5, 5, 3.5 ], "texture": "#texture" },
        "east":  { "uv": [ 2, 0.75, 4.25, 2.75 ], "texture": "#texture" }
    }
},
{
    "__comment": "handle*",
    "from": [ 7.5, 1.375, 11 ],
    "to": [ 8.5, 1.5, 13.875 ],
    "faces": {
        "down":  { "uv": [ 2.5, 1.75, 5.25, 4.25 ], "texture": "#texture" },
        "up":    { "uv": [ 2.75, 2.25, 5.25, 4.5 ], "texture": "#texture" },
        "north": { "uv": [ 2.25, 1.75, 4.75, 3.75 ], "texture": "#texture" },
        "south": { "uv": [ 1.75, 1.75, 4.25, 3.75 ], "texture": "#texture" },
        "west":  { "uv": [ 2.75, 1.5, 5, 3.5 ], "texture": "#texture" },
        "east":  { "uv": [ 2, 0.75, 4.25, 2.75 ], "texture": "#texture" }
    }
},
{
    "__comment": "handle*",
    "from": [ 7.375, 1.25, 10.5 ],
    "to": [ 8.625, 1.375, 14 ],
    "faces": {
        "down":  { "uv": [ 7.75, 2.25, 10.5, 4.75 ], "texture": "#texture" },
        "up":    { "uv": [ 8, 1.625, 10.5, 3.875 ], "texture": "#texture" },
        "north": { "uv": [ 7.75, 1.625, 10.25, 3.625 ], "texture": "#texture" },
        "south": { "uv": [ 8.75, 2.25, 11.25, 4.25 ], "texture": "#texture" },
        "west":  { "uv": [ 8, 1.25, 10.25, 3.25 ], "texture": "#texture" },
        "east":  { "uv": [ 7.5, 2.25, 9.75, 4.25 ], "texture": "#texture" }
    }
},
{
    "__comment": "handle*",
    "from": [ 7.125, 6.375, 12.25 ],
    "to": [ 8.875, 8.25, 13.25 ],
    "faces": {
        "down":  { "uv": [ 1.125, 7.125, 3.875, 9.625 ], "texture": "#texture" },
        "up":    { "uv": [ 1.5, 7.875, 4, 10.125 ], "texture": "#texture" },
        "north": { "uv": [ 1.75, 8.75, 4.25, 10.75 ], "texture": "#texture" },
        "south": { "uv": [ 0.5, 7.625, 3, 9.625 ], "texture": "#texture" },
        "west":  { "uv": [ 1.75, 9, 4, 11 ], "texture": "#texture" },
        "east":  { "uv": [ 2.125, 8.75, 4.375, 10.75 ], "texture": "#texture" }
    }
},
{
    "__comment": "handle*",
    "from": [ 7.125, 6.375, 11 ],
    "to": [ 8.875, 7.5, 12.25 ],
    "faces": {
        "down":  { "uv": [ 1.125, 7.125, 3.875, 9.625 ], "texture": "#texture" },
        "up":    { "uv": [ 1.5, 7.875, 4, 10.125 ], "texture": "#texture" },
        "north": { "uv": [ 1.75, 8.75, 4.25, 10.75 ], "texture": "#texture" },
        "south": { "uv": [ 0.5, 7.625, 3, 9.625 ], "texture": "#texture" },
        "west":  { "uv": [ 1.75, 9, 4, 11 ], "texture": "#texture" },
        "east":  { "uv": [ 2.125, 8.75, 4.375, 10.75 ], "texture": "#texture" }
    }
},
{
    "__comment": "handle*",
    "from": [ 7.125, 7.625, 10.625 ],
    "to": [ 7.75, 7.875, 12.125 ],
    "faces": {
        "down":  { "uv": [ 7.75, 2.25, 10.5, 4.75 ], "texture": "#texture" },
        "up":    { "uv": [ 8, 1.625, 10.5, 3.875 ], "texture": "#texture" },
        "north": { "uv": [ 7.75, 1.625, 10.25, 3.625 ], "texture": "#texture" },
        "south": { "uv": [ 8.75, 2.25, 11.25, 4.25 ], "texture": "#texture" },
        "west":  { "uv": [ 8, 1.25, 10.25, 3.25 ], "texture": "#texture" },
        "east":  { "uv": [ 7.5, 2.25, 9.75, 4.25 ], "texture": "#texture" }
    }
},
{
    "__comment": "handle*",
    "from": [ 7, 7.875, 11.375 ],
    "to": [ 7.625, 8.125, 12.125 ],
    "faces": {
        "down":  { "uv": [ 7.75, 2.25, 10.5, 4.75 ], "texture": "#texture" },
        "up":    { "uv": [ 8, 1.625, 10.5, 3.875 ], "texture": "#texture" },
        "north": { "uv": [ 7.75, 1.625, 10.25, 3.625 ], "texture": "#texture" },
        "south": { "uv": [ 8.75, 2.25, 11.25, 4.25 ], "texture": "#texture" },
        "west":  { "uv": [ 8, 1.25, 10.25, 3.25 ], "texture": "#texture" },
        "east":  { "uv": [ 7.5, 2.25, 9.75, 4.25 ], "texture": "#texture" }
    }
},
{
    "__comment": "handle*",
    "from": [ 7, 7.75, 11.375 ],
    "to": [ 7.625, 7.875, 11.5 ],
    "faces": {
        "down":  { "uv": [ 7.75, 2.25, 10.5, 4.75 ], "texture": "#texture" },
        "up":    { "uv": [ 8, 1.625, 10.5, 3.875 ], "texture": "#texture" },
        "north": { "uv": [ 7.75, 1.625, 10.25, 3.625 ], "texture": "#texture" },
        "south": { "uv": [ 8.75, 2.25, 11.25, 4.25 ], "texture": "#texture" },
        "west":  { "uv": [ 8, 1.25, 10.25, 3.25 ], "texture": "#texture" },
        "east":  { "uv": [ 7.5, 2.25, 9.75, 4.25 ], "texture": "#texture" }
    }
},
{
    "__comment": "handle*",
    "from": [ 7, 7.75, 11.625 ],
    "to": [ 7.625, 7.875, 11.75 ],
    "faces": {
        "down":  { "uv": [ 7.75, 2.25, 10.5, 4.75 ], "texture": "#texture" },
        "up":    { "uv": [ 8, 1.625, 10.5, 3.875 ], "texture": "#texture" },
        "north": { "uv": [ 7.75, 1.625, 10.25, 3.625 ], "texture": "#texture" },
        "south": { "uv": [ 8.75, 2.25, 11.25, 4.25 ], "texture": "#texture" },
        "west":  { "uv": [ 8, 1.25, 10.25, 3.25 ], "texture": "#texture" },
        "east":  { "uv": [ 7.5, 2.25, 9.75, 4.25 ], "texture": "#texture" }
    }
},
{
    "__comment": "handle*",
    "from": [ 7, 7.75, 11.875 ],
    "to": [ 7.625, 7.875, 12 ],
    "faces": {
        "down":  { "uv": [ 7.75, 2.25, 10.5, 4.75 ], "texture": "#texture" },
        "up":    { "uv": [ 8, 1.625, 10.5, 3.875 ], "texture": "#texture" },
        "north": { "uv": [ 7.75, 1.625, 10.25, 3.625 ], "texture": "#texture" },
        "south": { "uv": [ 8.75, 2.25, 11.25, 4.25 ], "texture": "#texture" },
        "west":  { "uv": [ 8, 1.25, 10.25, 3.25 ], "texture": "#texture" },
        "east":  { "uv": [ 7.5, 2.25, 9.75, 4.25 ], "texture": "#texture" }
    }
},
{
    "__comment": "handle*",
    "from": [ 7, 7.75, 10.75 ],
    "to": [ 8, 8.125, 11.125 ],
    "faces": {
        "down":  { "uv": [ 2.5, 1.75, 5.25, 4.25 ], "texture": "#texture" },
        "up":    { "uv": [ 2.75, 2.25, 5.25, 4.5 ], "texture": "#texture" },
        "north": { "uv": [ 2.25, 1.75, 4.75, 3.75 ], "texture": "#texture" },
        "south": { "uv": [ 1.75, 1.75, 4.25, 3.75 ], "texture": "#texture" },
        "west":  { "uv": [ 2.75, 1.5, 5, 3.5 ], "texture": "#texture" },
        "east":  { "uv": [ 2, 0.75, 4.25, 2.75 ], "texture": "#texture" }
    }
},
{
    "__comment": "handle*",
    "from": [ 6.6875, 10.125, 12.875 ],
    "to": [ 7.6875, 10.75, 14.375 ],
    "rotation": { "origin": [ 6.6875, 10.75, 12.875 ], "axis": "x", "angle": 22.5 },
    "faces": {
        "down":  { "uv": [ 7.875, 7.375, 10.625, 9.875 ], "texture": "#texture" },
        "up":    { "uv": [ 7, 7.5, 9.5, 9.75 ], "texture": "#texture" },
        "north": { "uv": [ 8, 7.875, 10.5, 9.875 ], "texture": "#texture" },
        "south": { "uv": [ 7, 7.5, 9.5, 9.5 ], "texture": "#texture" },
        "west":  { "uv": [ 7.875, 7.375, 10.125, 9.375 ], "texture": "#texture" },
        "east":  { "uv": [ 7.875, 7, 10.125, 9 ], "texture": "#texture" }
    }
},
{
    "__comment": "handle*",
    "from": [ 6.625, 9.625, 12.625 ],
    "to": [ 7.625, 10.75, 13 ],
    "faces": {
        "down":  { "uv": [ 7.75, 7.25, 10.5, 9.75 ], "texture": "#texture" },
        "up":    { "uv": [ 7.875, 7.25, 10.375, 9.5 ], "texture": "#texture" },
        "north": { "uv": [ 7.75, 7.5, 10.25, 9.5 ], "texture": "#texture" },
        "south": { "uv": [ 7.625, 8.125, 10.125, 10.125 ], "texture": "#texture" },
        "west":  { "uv": [ 7.875, 6.875, 10.125, 8.875 ], "texture": "#texture" },
        "east":  { "uv": [ 7.625, 7.5, 9.875, 9.5 ], "texture": "#texture" }
    }
},
{
    "__comment": "handle*",
    "from": [ 7.5, 1.25, 10.375 ],
    "to": [ 8.5, 1.375, 10.5 ],
    "faces": {
        "down":  { "uv": [ 7.75, 2.25, 10.5, 4.75 ], "texture": "#texture" },
        "up":    { "uv": [ 8, 1.625, 10.5, 3.875 ], "texture": "#texture" },
        "north": { "uv": [ 7.75, 1.625, 10.25, 3.625 ], "texture": "#texture" },
        "south": { "uv": [ 8.75, 2.25, 11.25, 4.25 ], "texture": "#texture" },
        "west":  { "uv": [ 8, 1.25, 10.25, 3.25 ], "texture": "#texture" },
        "east":  { "uv": [ 7.5, 2.25, 9.75, 4.25 ], "texture": "#texture" }
    }
},
{
    "__comment": "handle*",
    "from": [ 6.625, 9.875, 13.625 ],
    "to": [ 7.625, 10.25, 14 ],
    "faces": {
        "down":  { "uv": [ 2.5, 1.75, 5.25, 4.25 ], "texture": "#texture" },
        "up":    { "uv": [ 2.75, 2.25, 5.25, 4.5 ], "texture": "#texture" },
        "north": { "uv": [ 2.25, 1.75, 4.75, 3.75 ], "texture": "#texture" },
        "south": { "uv": [ 1.75, 1.75, 4.25, 3.75 ], "texture": "#texture" },
        "west":  { "uv": [ 2.75, 1.5, 5, 3.5 ], "texture": "#texture" },
        "east":  { "uv": [ 2, 0.75, 4.25, 2.75 ], "texture": "#texture" }
    }
},
{
    "from": [ 6.75, 9.5, 12.625 ],
    "to": [ 7.5, 10.125, 14 ],
    "faces": {
        "down":  { "uv": [ 2.5, 1.75, 5.25, 4.25 ], "texture": "#texture" },
        "up":    { "uv": [ 2.75, 2.25, 5.25, 4.5 ], "texture": "#texture" },
        "north": { "uv": [ 2.25, 1.75, 4.75, 3.75 ], "texture": "#texture" },
        "south": { "uv": [ 1.75, 1.75, 4.25, 3.75 ], "texture": "#texture" },
        "west":  { "uv": [ 2.75, 1.5, 5, 3.5 ], "texture": "#texture" },
        "east":  { "uv": [ 2, 0.75, 4.25, 2.75 ], "texture": "#texture" }
    }
},
{
    "__comment": "barrel*",
    "from": [ 7.625, 11, 4.125 ],
    "to": [ 8.375, 11.125, 4.5 ],
    "faces": {
        "down":  { "uv": [ 2.5, 1.75, 5.25, 4.25 ], "texture": "#texture" },
        "up":    { "uv": [ 2.75, 2.25, 5.25, 4.5 ], "texture": "#texture" },
        "north": { "uv": [ 2.25, 1.75, 4.75, 3.75 ], "texture": "#texture" },
        "south": { "uv": [ 1.75, 1.75, 4.25, 3.75 ], "texture": "#texture" },
        "west":  { "uv": [ 2.75, 1.5, 5, 3.5 ], "texture": "#texture" },
        "east":  { "uv": [ 2, 0.75, 4.25, 2.75 ], "texture": "#texture" }
    }
},
{
    "__comment": "barrel*",
    "from": [ 7.625, 11, 3.375 ],
    "to": [ 8.375, 11.125, 3.75 ],
    "faces": {
        "down":  { "uv": [ 2.5, 1.75, 5.25, 4.25 ], "texture": "#texture" },
        "up":    { "uv": [ 2.75, 2.25, 5.25, 4.5 ], "texture": "#texture" },
        "north": { "uv": [ 2.25, 1.75, 4.75, 3.75 ], "texture": "#texture" },
        "south": { "uv": [ 1.75, 1.75, 4.25, 3.75 ], "texture": "#texture" },
        "west":  { "uv": [ 2.75, 1.5, 5, 3.5 ], "texture": "#texture" },
        "east":  { "uv": [ 2, 0.75, 4.25, 2.75 ], "texture": "#texture" }
    }
},
{
    "__comment": "barrel*",
    "from": [ 7.625, 11, 2.625 ],
    "to": [ 8.375, 11.125, 3 ],
    "faces": {
        "down":  { "uv": [ 2.5, 1.75, 5.25, 4.25 ], "texture": "#texture" },
        "up":    { "uv": [ 2.75, 2.25, 5.25, 4.5 ], "texture": "#texture" },
        "north": { "uv": [ 2.25, 1.75, 4.75, 3.75 ], "texture": "#texture" },
        "south": { "uv": [ 1.75, 1.75, 4.25, 3.75 ], "texture": "#texture" },
        "west":  { "uv": [ 2.75, 1.5, 5, 3.5 ], "texture": "#texture" },
        "east":  { "uv": [ 2, 0.75, 4.25, 2.75 ], "texture": "#texture" }
    }
}
],
"display": {
    "thirdperson_righthand": {
        "rotation": [ 12, 0, 10 ],
        "translation": [ 0, 0.38, -1.32 ],
        "scale": [ 0.7, 0.7, 0.7 ]
    },
    "thirdperson_lefthand": {
        "rotation": [ 12, 0, 10 ],
        "translation": [ 0, 0.38, -1.32 ],
        "scale": [ 0.7, 0.7, 0.7 ]
    },
    "ground": {
        "rotation": [ 0, 0, 90 ],
        "translation": [ -0.57, 0, 0 ],
        "scale": [ 0.5, 0.5, 0.5 ]
    },
    "fixed": {
        "rotation": [ 0, -90, 0 ],
        "translation": [ 0, 0, -1 ],
        "scale": [ 0.8, 0.8, 0.8 ]
    },
    "firstperson_righthand": {
        "rotation": [ 6, 3, 4 ],
        "translation": [ 3, 0.57, -8 ],
        "scale": [ 1, 1, 1 ]
    },
    "firstperson_lefthand": {
        "rotation": [ 6, 3, 4 ],
        "translation": [ 3, 0.57, -8 ],
        "scale": [ 1, 1, 1 ]
    },
    "gui": {
        "rotation": [ 90, 45, -90 ],
        "translation": [ 0, 0.8, 0 ],
        "scale": [ 0.9, 0.9, 0.9 ]
    }
}
}