{
  "type": {
    "name": "dreek:caves",
    "ultrawarm": false,
    "natural": true,
    "piglin_safe": true,
    "respawn_anchor_works": true,
    "bed_works": true,
    "has_raids": true,
    "has_skylight": true,
    "has_ceiling": false,
    "coordinate_scale": 1,
    "ambient_light": 0,
    "logical_height": 256,
    "effects": "minecraft:the_nether",
    "infiniburn": "minecraft:infiniburn_overworld"
  },
  "generator": {
    "type": "minecraft:noise",
    "seed": 302457455,
    "biome_source": {
      "type": "minecraft:fixed",
      "seed": 302457455,
      "biome": "minecraft:taiga_mountains"
    },
    "settings": {
      "name": "minecraft:overworld",
      "bedrock_roof_position": -10,
      "bedrock_floor_position": 0,
      "sea_level": 61,
      "disable_mob_generation": false,
      "default_block": {
        "Name": "minecraft:grass_block",
        "Properties": {
          "snowy": "true"
        }
      },
      "default_fluid": {
        "Name": "minecraft:ice"
      },
      "noise": {
        "height": 256,
        "density_factor": 1,
        "density_offset": -0.46875,
        "size_horizontal": 1,
        "size_vertical": 2,
        "simplex_surface_noise": true,
        "random_density_offset": true,
        "sampling": {
          "xz_scale": 1,
          "y_scale": 1,
          "xz_factor": 80,
          "y_factor": 160
        },
        "bottom_slide": {
          "target": -30,
          "size": 0,
          "offset": 0
        },
        "top_slide": {
          "target": -10,
          "size": 3,
          "offset": 0
        }
      },
      "structures": {
        "structures": {
          "minecraft:buried_treasure": {
            "spacing": 10,
            "separation": 5,
            "salt": 0
          }
        }
      }
    }
  }
}