{
    "parent": "block/pumpkin"
 , 
"display": {
    "thirdperson_righthand": {
        "rotation": [ 90, 0, 90 ],
        "translation": [ 14.55, 8.69, 1.32 ],
        "scale": [ 0, 0, 0 ]
    },
    "thirdperson_lefthand": {
        "rotation": [ 90, 0, 90 ],
        "translation": [ 14.55, 8.69, 1.32 ],
        "scale": [ 0, 0, 0 ]
    },
    "head": {
        "rotation": [ -90, 0, 0 ],
        "translation": [ 0, 11.34, 16 ],
        "scale": [ 0, 0, 0 ]
    },
    "ground": {
        "rotation": [ 45, 0, 90 ],
        "translation": [ 7.56, -14.93, -9.26 ],
        "scale": [ 0, 0, 0 ]
    },
    "fixed": {
        "rotation": [ 90, 0, 0 ],
        "translation": [ 0, 0, -8.69 ],
        "scale": [ 0, 0, 0 ]
    },
    "firstperson_righthand": {
        "rotation": [ 98, 0, 90 ],
        "translation": [ 7.37, 5.48, 3.97 ],
        "scale": [ 0, 0, 0 ]
    },
    "firstperson_lefthand": {
        "rotation": [ 98, 0, 90 ],
        "translation": [ 7.37, 5.48, 3.97 ],
        "scale": [ 0, 0, 0 ]
    },
    "gui": {
        "rotation": [ 90, -45, 0 ],
        "translation": [ 0, 0, 0 ],
        "scale": [ 0, 0, 0 ]
    }
}
}
