{
  "hit": {
    "category": "record",
    "sounds": [{
      "name": "hit",
	  "stream": false
    }]
  },
"pp": {
    "category": "record",
    "sounds": [{
      "name": "pp",
	  "stream": false
    }]
  },
  "chamberde": {
    "category": "record",
    "sounds": [{
      "name": "chamberde",
	  "stream": false
    }]
  },
  "chamberg18": {
    "category": "record",
    "sounds": [{
      "name": "chamberg18",
	  "stream": false
    }]
  },
  "chamberump": {
    "category": "record",
    "sounds": [{
      "name": "chamberump",
	  "stream": false
    }]
  },
  "chamberbarr": {
    "category": "record",
    "sounds": [{
      "name": "chamberbarr",
	  "stream": false
    }]
  },
  "chamberspas": {
    "category": "record",
    "sounds": [{
      "name": "chamberspas",
	  "stream": false
    }]
  },
  "chamberscar": {
    "category": "record",
    "sounds": [{
      "name": "chamberscar",
	  "stream": false
    }]
  },
  "chamberuzi": {
    "category": "record",
    "sounds": [{
      "name": "chamberuzi",
	  "stream": false
    }]
  },
  "chamberpp": {
    "category": "record",
    "sounds": [{
      "name": "chamberpp",
	  "stream": false
    }]
  },
  "chamber44": {
    "category": "record",
    "sounds": [{
      "name": "chamber44",
	  "stream": false
    }]
  },
  "chamberacr": {
    "category": "record",
    "sounds": [{
      "name": "chamberacr",
	  "stream": false
    }]
  },
  "chamberak": {
    "category": "record",
    "sounds": [{
      "name": "chamberak",
	  "stream": false
    }]
  },
  "reloadde": {
    "category": "record",
    "sounds": [{
      "name": "reloadde",
	  "stream": false
    }]
  },
  "reloadg18": {
    "category": "record",
    "sounds": [{
      "name": "reloadg18",
	  "stream": false
    }]
  },
  "reloadump": {
    "category": "record",
    "sounds": [{
      "name": "reloadump",
	  "stream": false
    }]
  },
  "reloadint": {
    "category": "record",
    "sounds": [{
      "name": "reloadint",
	  "stream": false
    }]
  },
  "reloadbarr": {
    "category": "record",
    "sounds": [{
      "name": "reloadbarr",
	  "stream": false
    }]
  },
  "reloadm1014": {
    "category": "record",
    "sounds": [{
      "name": "reloadm1014",
	  "stream": false
    }]
  },
  "reloadspas": {
    "category": "record",
    "sounds": [{
      "name": "reloadspas",
	  "stream": false
    }]
  },
  "reloadm4": {
    "category": "record",
    "sounds": [{
      "name": "reloadm4",
	  "stream": false
    }]
  },
  "reloadscar": {
    "category": "record",
    "sounds": [{
      "name": "reloadscar",
	  "stream": false
    }]
  },
  "reloaduzi": {
    "category": "record",
    "sounds": [{
      "name": "reloaduzi",
	  "stream": false
    }]
  },
  "reloadpp": {
    "category": "record",
    "sounds": [{
      "name": "reloadpp",
	  "stream": false
    }]
  },
  "reload44": {
    "category": "record",
    "sounds": [{
      "name": "reload44",
	  "stream": false
    }]
  },
  "reloadacr": {
    "category": "record",
    "sounds": [{
      "name": "reloadacr",
	  "stream": false
    }]
  },
  "reloadak": {
    "category": "record",
    "sounds": [{
      "name": "reloadak",
	  "stream": false
    }]
  },
  "whizby": {
    "category": "record",
    "sounds": [{
      "name": "whizby",
	  "stream": false
    }]
  },
  "weapon": {
    "category": "record",
    "sounds": [{
      "name": "weapon",
	  "stream": false
    }]
  },
 "desert_eagle": {
    "category": "record",
    "sounds": [{
      "name": "desert_eagle",
	  "stream": false
    }]
  },
  "ump": {
    "category": "record",
    "sounds": [{
      "name": "ump",
	  "stream": false
    }]
  },
  "intervention": {
    "category": "record",
    "sounds": [{
      "name": "intervention",
	  "stream": false
    }]
  },
  "barrett": {
    "category": "record",
    "sounds": [{
      "name": "barrett",
	  "stream": false
    }]
  },
  "g18": {
    "category": "record",
    "sounds": [{
      "name": "g18",
	  "stream": false
    }]
  },
  "m1014": {
    "category": "record",
    "sounds": [{
      "name": "m1014",
	  "stream": false
    }]
  },
  "spas": {
    "category": "record",
    "sounds": [{
      "name": "spas",
	  "stream": false
    }]
  },
  "m4": {
    "category": "record",
    "sounds": [{
      "name": "m4",
	  "stream": false
    }]
  },
  "scar": {
    "category": "record",
    "sounds": [{
      "name": "scar",
	  "stream": false
    }]
  },
  "uzi": {
    "category": "record",
    "sounds": [{
      "name": "uzi",
	  "stream": false
    }]
  },
  "44": {
    "category": "record",
    "sounds": [{
      "name": "44",
	  "stream": false
    }]
  },
  "acr": {
    "category": "record",
    "sounds": [{
      "name": "acr",
	  "stream": false
    }]
  },
  "ak": {
    "category": "record",
    "sounds": [{
      "name": "ak",
	  "stream": false
    }]
  },
"ringing": {
    "category": "record",
    "sounds": [{
      "name": "ringing",
	  "stream": false
    }]
  },
"grenade": {
    "category": "record",
    "sounds": [{
      "name": "grenade",
	  "stream": false
    }]
  },
"hellfire": {
    "category": "record",
    "sounds": [{
      "name": "hellfire",
	  "stream": false
    }]
  },
"shoot": {
    "category": "record",
    "sounds": [{
      "name": "shoot",
	  "stream": false
    }]
  }
}


